Fluxo;Ano;Codigo_NCM;Descricao_NCM;Valor_US_FOB;Quilograma_Liquido
Exportação;2006;73251000;"Outras obras moldadas de ferro fundido, não maleável";9764358;5364303
Exportação;2006;73259100;"Esferas e artefatos semelhantes, para moinhos, moldadas, de ferro fundido, ferro ou aço";3966997;3401242
Exportação;2006;73259910;"Outras obras moldadas, de aço";1597058;292877
Exportação;2006;73259990;"Outras obras moldadas, de ferro fundido ou ferro";2554364;1644908
Importação;2006;73251000;"Outras obras moldadas de ferro fundido, não maleável";1482355;663273
Importação;2006;73259100;"Esferas e artefatos semelhantes, para moinhos, moldadas, de ferro fundido, ferro ou aço";3324002;4808896
Importação;2006;73259910;"Outras obras moldadas, de aço";8331789;2483632
Importação;2006;73259990;"Outras obras moldadas, de ferro fundido ou ferro";6376562;2798097
Exportação;2007;73251000;"Outras obras moldadas de ferro fundido, não maleável";6245044;2681093
Exportação;2007;73259100;"Esferas e artefatos semelhantes, para moinhos, moldadas, de ferro fundido, ferro ou aço";10939374;8960985
Exportação;2007;73259910;"Outras obras moldadas, de aço";1462630;142206
Exportação;2007;73259990;"Outras obras moldadas, de ferro fundido ou ferro";2892340;1305075
Importação;2007;73251000;"Outras obras moldadas de ferro fundido, não maleável";2030861;763182
Importação;2007;73259100;"Esferas e artefatos semelhantes, para moinhos, moldadas, de ferro fundido, ferro ou aço";10627958;15472363
Importação;2007;73259910;"Outras obras moldadas, de aço";9301400;3760574
Importação;2007;73259990;"Outras obras moldadas, de ferro fundido ou ferro";8228310;3882069
Exportação;2008;73251000;"Outras obras moldadas de ferro fundido, não maleável";8169324;3187250
Exportação;2008;73259100;"Esferas e artefatos semelhantes, para moinhos, moldadas, de ferro fundido, ferro ou aço";10888120;6181363
Exportação;2008;73259910;"Outras obras moldadas, de aço";1490878;115920
Exportação;2008;73259990;"Outras obras moldadas, de ferro fundido ou ferro";7431821;2201395
Importação;2008;73251000;"Outras obras moldadas de ferro fundido, não maleável";3890608;1087161
Importação;2008;73259100;"Esferas e artefatos semelhantes, para moinhos, moldadas, de ferro fundido, ferro ou aço";22822927;20102288
Importação;2008;73259910;"Outras obras moldadas, de aço";8107153;1616056
Importação;2008;73259990;"Outras obras moldadas, de ferro fundido ou ferro";10245303;3936029
Exportação;2009;73251000;"Outras obras moldadas de ferro fundido, não maleável";5132355;1883744
Exportação;2009;73259100;"Esferas e artefatos semelhantes, para moinhos, moldadas, de ferro fundido, ferro ou aço";8634992;4925934
Exportação;2009;73259910;"Outras obras moldadas, de aço";1406999;114295
Exportação;2009;73259990;"Outras obras moldadas, de ferro fundido ou ferro";5720262;1616739
Importação;2009;73251000;"Outras obras moldadas de ferro fundido, não maleável";3316568;567246
Importação;2009;73259100;"Esferas e artefatos semelhantes, para moinhos, moldadas, de ferro fundido, ferro ou aço";15295350;13912381
Importação;2009;73259910;"Outras obras moldadas, de aço";11536061;1013553
Importação;2009;73259990;"Outras obras moldadas, de ferro fundido ou ferro";10400654;3358154
Exportação;2010;73251000;"Outras obras moldadas de ferro fundido, não maleável";4824321;1854167
Exportação;2010;73259100;"Esferas e artefatos semelhantes, para moinhos, moldadas, de ferro fundido, ferro ou aço";1476464;879943
Exportação;2010;73259910;"Outras obras moldadas, de aço";3693049;356552
Exportação;2010;73259990;"Outras obras moldadas, de ferro fundido ou ferro";6322987;2406716
Importação;2010;73251000;"Outras obras moldadas de ferro fundido, não maleável";3061776;662275
Importação;2010;73259100;"Esferas e artefatos semelhantes, para moinhos, moldadas, de ferro fundido, ferro ou aço";32049521;24046125
Importação;2010;73259910;"Outras obras moldadas, de aço";7109646;998054
Importação;2010;73259990;"Outras obras moldadas, de ferro fundido ou ferro";10110821;3519640
Exportação;2011;73251000;"Outras obras moldadas de ferro fundido, não maleável";8283456;2902868
Exportação;2011;73259100;"Esferas e artefatos semelhantes, para moinhos, moldadas, de ferro fundido, ferro ou aço";8073400;5160232
Exportação;2011;73259910;"Outras obras moldadas, de aço";6372566;562126
Exportação;2011;73259990;"Outras obras moldadas, de ferro fundido ou ferro";11017722;1919063
Importação;2011;73251000;"Outras obras moldadas de ferro fundido, não maleável";4320200;1118852
Importação;2011;73259100;"Esferas e artefatos semelhantes, para moinhos, moldadas, de ferro fundido, ferro ou aço";32611990;23616598
Importação;2011;73259910;"Outras obras moldadas, de aço";9392017;1684018
Importação;2011;73259990;"Outras obras moldadas, de ferro fundido ou ferro";16634327;5886057
Exportação;2012;73251000;"Outras obras moldadas de ferro fundido, não maleável";6062462;2064944
Exportação;2012;73259100;"Esferas e artefatos semelhantes, para moinhos, moldadas, de ferro fundido, ferro ou aço";4990604;3125981
Exportação;2012;73259910;"Outras obras moldadas, de aço";3471676;220130
Exportação;2012;73259990;"Outras obras moldadas, de ferro fundido ou ferro";10164763;2372466
Importação;2012;73251000;"Outras obras moldadas de ferro fundido, não maleável";6520490;820686
Importação;2012;73259100;"Esferas e artefatos semelhantes, para moinhos, moldadas, de ferro fundido, ferro ou aço";35277834;24078011
Importação;2012;73259910;"Outras obras moldadas, de aço";7010176;1039102
Importação;2012;73259990;"Outras obras moldadas, de ferro fundido ou ferro";14600567;4082326
Exportação;2013;73251000;"Outras obras moldadas de ferro fundido, não maleável";4460239;1349147
Exportação;2013;73259100;"Esferas e artefatos semelhantes, para moinhos, moldadas, de ferro fundido, ferro ou aço";3554697;2422906
Exportação;2013;73259910;"Outras obras moldadas, de aço";4640784;666785
Exportação;2013;73259990;"Outras obras moldadas, de ferro fundido ou ferro";3208189;862330
Importação;2013;73251000;"Outras obras moldadas de ferro fundido, não maleável";5784380;712307
Importação;2013;73259100;"Esferas e artefatos semelhantes, para moinhos, moldadas, de ferro fundido, ferro ou aço";33322766;25386723
Importação;2013;73259910;"Outras obras moldadas, de aço";9756496;1226951
Importação;2013;73259990;"Outras obras moldadas, de ferro fundido ou ferro";13501175;4829020
Exportação;2014;73251000;"Outras obras moldadas de ferro fundido, não maleável";5522728;1883773
Exportação;2014;73259100;"Esferas e artefatos semelhantes, para moinhos, moldadas, de ferro fundido, ferro ou aço";843197;595735
Exportação;2014;73259910;"Outras obras moldadas, de aço";3178888;734061
Exportação;2014;73259990;"Outras obras moldadas, de ferro fundido ou ferro";6810597;1830180
Importação;2014;73251000;"Outras obras moldadas de ferro fundido, não maleável";4575039;554389
Importação;2014;73259100;"Esferas e artefatos semelhantes, para moinhos, moldadas, de ferro fundido, ferro ou aço";52780660;38599840
Importação;2014;73259910;"Outras obras moldadas, de aço";9409571;1231374
Importação;2014;73259990;"Outras obras moldadas, de ferro fundido ou ferro";6013542;1557809
Exportação;2015;73251000;"Outras obras moldadas de ferro fundido, não maleável";4643727;2318851
Exportação;2015;73259100;"Esferas e artefatos semelhantes, para moinhos, moldadas, de ferro fundido, ferro ou aço";1436725;1135200
Exportação;2015;73259910;"Outras obras moldadas, de aço";4510059;1297786
Exportação;2015;73259990;"Outras obras moldadas, de ferro fundido ou ferro";1942763;512601
Importação;2015;73251000;"Outras obras moldadas de ferro fundido, não maleável";2933351;559170
Importação;2015;73259100;"Esferas e artefatos semelhantes, para moinhos, moldadas, de ferro fundido, ferro ou aço";45127673;35004129
Importação;2015;73259910;"Outras obras moldadas, de aço";7952478;915181
Importação;2015;73259990;"Outras obras moldadas, de ferro fundido ou ferro";7411839;4824548
Exportação;2016;73251000;"Outras obras moldadas de ferro fundido, não maleável";4610535;2463153
Exportação;2016;73259100;"Esferas e artefatos semelhantes, para moinhos, moldadas, de ferro fundido, ferro ou aço";14628914;12298709
Exportação;2016;73259910;"Outras obras moldadas, de aço";2024990;322415
Exportação;2016;73259990;"Outras obras moldadas, de ferro fundido ou ferro";1800629;526152
Importação;2016;73251000;"Outras obras moldadas de ferro fundido, não maleável";1399758;359391
Importação;2016;73259100;"Esferas e artefatos semelhantes, para moinhos, moldadas, de ferro fundido, ferro ou aço";41892200;40989477
Importação;2016;73259910;"Outras obras moldadas, de aço";4493739;572850
Importação;2016;73259990;"Outras obras moldadas, de ferro fundido ou ferro";5777156;3785588
Exportação;2017;73251000;"Outras obras moldadas de ferro fundido, não maleável";6154025;3705070
Exportação;2017;73259100;"Esferas e artefatos semelhantes, para moinhos, moldadas, de ferro fundido, ferro ou aço";13869235;10545972
Exportação;2017;73259910;"Outras obras moldadas, de aço";2008564;327697
Exportação;2017;73259990;"Outras obras moldadas, de ferro fundido ou ferro";3535894;881645
Importação;2017;73251000;"Outras obras moldadas de ferro fundido, não maleável";1398570;409865
Importação;2017;73259100;"Esferas e artefatos semelhantes, para moinhos, moldadas, de ferro fundido, ferro ou aço";54142152;53493694
Importação;2017;73259910;"Outras obras moldadas, de aço";6043068;878560
Importação;2017;73259990;"Outras obras moldadas, de ferro fundido ou ferro";8023923;5664776
Exportação;2018;73251000;"Outras obras moldadas de ferro fundido, não maleável";7315903;3695365
Exportação;2018;73259100;"Esferas e artefatos semelhantes, para moinhos, moldadas, de ferro fundido, ferro ou aço";11583229;8308104
Exportação;2018;73259910;"Outras obras moldadas, de aço";2691378;789243
Exportação;2018;73259990;"Outras obras moldadas, de ferro fundido ou ferro";3768065;920218
Importação;2018;73251000;"Outras obras moldadas de ferro fundido, não maleável";2972807;706830
Importação;2018;73259100;"Esferas e artefatos semelhantes, para moinhos, moldadas, de ferro fundido, ferro ou aço";57453917;50070296
Importação;2018;73259910;"Outras obras moldadas, de aço";6524827;1055656
Importação;2018;73259990;"Outras obras moldadas, de ferro fundido ou ferro";9829642;6051449
Exportação;2019;73251000;"Outras obras moldadas de ferro fundido, não maleável";6628690;3664959
Exportação;2019;73259100;"Esferas e artefatos semelhantes, para moinhos, moldadas, de ferro fundido, ferro ou aço";6959962;5391195
Exportação;2019;73259910;"Outras obras moldadas, de aço";3629767;848150
Exportação;2019;73259990;"Outras obras moldadas, de ferro fundido ou ferro";5735694;1303298
Importação;2019;73251000;"Outras obras moldadas de ferro fundido, não maleável";2184485;805255
Importação;2019;73259100;"Esferas e artefatos semelhantes, para moinhos, moldadas, de ferro fundido, ferro ou aço";40902588;37906392
Importação;2019;73259910;"Outras obras moldadas, de aço";7504690;1039901
Importação;2019;73259990;"Outras obras moldadas, de ferro fundido ou ferro";9165381;6208834
Exportação;2020;73251000;"Outras obras moldadas de ferro fundido, não maleável";5056542;3065888
Exportação;2020;73259100;"Esferas e artefatos semelhantes, para moinhos, moldadas, de ferro fundido, ferro ou aço";3834373;3261979
Exportação;2020;73259910;"Outras obras moldadas, de aço";2448174;636602
Exportação;2020;73259990;"Outras obras moldadas, de ferro fundido ou ferro";4796758;1269540
Importação;2020;73251000;"Outras obras moldadas de ferro fundido, não maleável";1473734;589292
Importação;2020;73259100;"Esferas e artefatos semelhantes, para moinhos, moldadas, de ferro fundido, ferro ou aço";15086401;20199700
Importação;2020;73259910;"Outras obras moldadas, de aço";5891068;794161
Importação;2020;73259990;"Outras obras moldadas, de ferro fundido ou ferro";8493760;6398527
Exportação;2021;73251000;"Outras obras moldadas de ferro fundido, não maleável";7610122;4603871
Exportação;2021;73259100;"Esferas e artefatos semelhantes, para moinhos, moldadas, de ferro fundido, ferro ou aço";4245470;3142917
Exportação;2021;73259910;"Outras obras moldadas, de aço";2407357;428330
Exportação;2021;73259990;"Outras obras moldadas, de ferro fundido ou ferro";7307764;1875027
Importação;2021;73251000;"Outras obras moldadas de ferro fundido, não maleável";2321187;960113
Importação;2021;73259100;"Esferas e artefatos semelhantes, para moinhos, moldadas, de ferro fundido, ferro ou aço";43445669;41903352
Importação;2021;73259910;"Outras obras moldadas, de aço";9305696;1193891
Importação;2021;73259990;"Outras obras moldadas, de ferro fundido ou ferro";18662167;9973630
Exportação;2022;73251000;"Outras obras moldadas de ferro fundido, não maleável";11030291;5212679
Exportação;2022;73259100;"Esferas e artefatos semelhantes, para moinhos, moldadas, de ferro fundido, ferro ou aço";6427935;3451391
Exportação;2022;73259910;"Outras obras moldadas, de aço";4594461;609296
Exportação;2022;73259990;"Outras obras moldadas, de ferro fundido ou ferro";9890522;2076957
Importação;2022;73251000;"Outras obras moldadas de ferro fundido, não maleável";4581156;1900292
Importação;2022;73259100;"Esferas e artefatos semelhantes, para moinhos, moldadas, de ferro fundido, ferro ou aço";37894602;27400057
Importação;2022;73259910;"Outras obras moldadas, de aço";9086608;1183449
Importação;2022;73259990;"Outras obras moldadas, de ferro fundido ou ferro";20482772;8880619
Exportação;2023;73251000;"Outras obras moldadas de ferro fundido, não maleável";10337974;3813911
Exportação;2023;73259100;"Esferas e artefatos semelhantes, para moinhos, moldadas, de ferro fundido, ferro ou aço";4981867;2808973
Exportação;2023;73259910;"Outras obras moldadas, de aço";5853500;575941
Exportação;2023;73259990;"Outras obras moldadas, de ferro fundido ou ferro";5476944;1017357
Importação;2023;73251000;"Outras obras moldadas de ferro fundido, não maleável";6081299;2484826
Importação;2023;73259100;"Esferas e artefatos semelhantes, para moinhos, moldadas, de ferro fundido, ferro ou aço";54868725;35523558
Importação;2023;73259910;"Outras obras moldadas, de aço";8274180;906850
Importação;2023;73259990;"Outras obras moldadas, de ferro fundido ou ferro";14652477;7381546
Exportação;2024;73251000;"Outras obras moldadas de ferro fundido, não maleável";9308864;2934535
Exportação;2024;73259100;"Esferas e artefatos semelhantes, para moinhos, moldadas, de ferro fundido, ferro ou aço";4553873;2516215
Exportação;2024;73259910;"Outras obras moldadas, de aço";5580977;465005
Exportação;2024;73259990;"Outras obras moldadas, de ferro fundido ou ferro";10812170;1821240
Importação;2024;73251000;"Outras obras moldadas de ferro fundido, não maleável";5449887;1661848
Importação;2024;73259100;"Esferas e artefatos semelhantes, para moinhos, moldadas, de ferro fundido, ferro ou aço";37452262;27043573
Importação;2024;73259910;"Outras obras moldadas, de aço";10514431;1382910
Importação;2024;73259990;"Outras obras moldadas, de ferro fundido ou ferro";15005393;9223432
Exportação;2025;73251000;"Outras obras moldadas de ferro fundido, não maleável";7396785;2682830
Exportação;2025;73259100;"Esferas e artefatos semelhantes, para moinhos, moldadas, de ferro fundido, ferro ou aço";1917868;1036767
Exportação;2025;73259910;"Outras obras moldadas, de aço";6177492;554041
Exportação;2025;73259990;"Outras obras moldadas, de ferro fundido ou ferro";10944452;2056231
Importação;2025;73251000;"Outras obras moldadas de ferro fundido, não maleável";4166431;1364497
Importação;2025;73259100;"Esferas e artefatos semelhantes, para moinhos, moldadas, de ferro fundido, ferro ou aço";65180631;49326285
Importação;2025;73259910;"Outras obras moldadas, de aço";12985792;2187948
Importação;2025;73259990;"Outras obras moldadas, de ferro fundido ou ferro";13793318;8721845
Exportação;2026;73251000;"Outras obras moldadas de ferro fundido, não maleável";3560523;1431135
Exportação;2026;73259100;"Esferas e artefatos semelhantes, para moinhos, moldadas, de ferro fundido, ferro ou aço";2636082;1592872
Exportação;2026;73259910;"Outras obras moldadas, de aço";1651173;182857
Exportação;2026;73259990;"Outras obras moldadas, de ferro fundido ou ferro";2121783;324855
Importação;2026;73251000;"Outras obras moldadas de ferro fundido, não maleável";2021869;655408
Importação;2026;73259100;"Esferas e artefatos semelhantes, para moinhos, moldadas, de ferro fundido, ferro ou aço";28344564;20829571
Importação;2026;73259910;"Outras obras moldadas, de aço";6842661;1149285
Importação;2026;73259990;"Outras obras moldadas, de ferro fundido ou ferro";5851816;3889144
