"Ano";"Código NCM";"Descrição NCM";"Valor US$ FOB";"Quilograma Líquido"
"2026";"73251000";"Outras obras moldadas de ferro fundido, não maleável";"3560523";"1431135"
"2026";"73259100";"Esferas e artefatos semelhantes, para moinhos, moldadas, de ferro fundido, ferro ou aço";"2636082";"1592872"
"2026";"73259990";"Outras obras moldadas, de ferro fundido ou ferro";"2121783";"324855"
"2026";"73259910";"Outras obras moldadas, de aço";"1651173";"182857"
"2025";"73259990";"Outras obras moldadas, de ferro fundido ou ferro";"10944452";"2056231"
"2025";"73251000";"Outras obras moldadas de ferro fundido, não maleável";"7396785";"2682830"
"2025";"73259910";"Outras obras moldadas, de aço";"6177492";"554041"
"2025";"73259100";"Esferas e artefatos semelhantes, para moinhos, moldadas, de ferro fundido, ferro ou aço";"1917868";"1036767"
"2024";"73259990";"Outras obras moldadas, de ferro fundido ou ferro";"10812170";"1821240"
"2024";"73251000";"Outras obras moldadas de ferro fundido, não maleável";"9308864";"2934535"
"2024";"73259910";"Outras obras moldadas, de aço";"5580977";"465005"
"2024";"73259100";"Esferas e artefatos semelhantes, para moinhos, moldadas, de ferro fundido, ferro ou aço";"4553873";"2516215"
"2023";"73251000";"Outras obras moldadas de ferro fundido, não maleável";"10337974";"3813911"
"2023";"73259910";"Outras obras moldadas, de aço";"5853500";"575941"
"2023";"73259990";"Outras obras moldadas, de ferro fundido ou ferro";"5476944";"1017357"
"2023";"73259100";"Esferas e artefatos semelhantes, para moinhos, moldadas, de ferro fundido, ferro ou aço";"4981867";"2808973"
"2022";"73251000";"Outras obras moldadas de ferro fundido, não maleável";"11030291";"5212679"
"2022";"73259990";"Outras obras moldadas, de ferro fundido ou ferro";"9890522";"2076957"
"2022";"73259100";"Esferas e artefatos semelhantes, para moinhos, moldadas, de ferro fundido, ferro ou aço";"6427935";"3451391"
"2022";"73259910";"Outras obras moldadas, de aço";"4594461";"609296"
"2021";"73251000";"Outras obras moldadas de ferro fundido, não maleável";"7610122";"4603871"
"2021";"73259990";"Outras obras moldadas, de ferro fundido ou ferro";"7307764";"1875027"
"2021";"73259100";"Esferas e artefatos semelhantes, para moinhos, moldadas, de ferro fundido, ferro ou aço";"4245470";"3142917"
"2021";"73259910";"Outras obras moldadas, de aço";"2407357";"428330"
"2020";"73251000";"Outras obras moldadas de ferro fundido, não maleável";"5056542";"3065888"
"2020";"73259990";"Outras obras moldadas, de ferro fundido ou ferro";"4796758";"1269540"
"2020";"73259100";"Esferas e artefatos semelhantes, para moinhos, moldadas, de ferro fundido, ferro ou aço";"3834373";"3261979"
"2020";"73259910";"Outras obras moldadas, de aço";"2448174";"636602"
"2019";"73259100";"Esferas e artefatos semelhantes, para moinhos, moldadas, de ferro fundido, ferro ou aço";"6959962";"5391195"
"2019";"73251000";"Outras obras moldadas de ferro fundido, não maleável";"6628690";"3664959"
"2019";"73259990";"Outras obras moldadas, de ferro fundido ou ferro";"5735694";"1303298"
"2019";"73259910";"Outras obras moldadas, de aço";"3629767";"848150"
"2018";"73259100";"Esferas e artefatos semelhantes, para moinhos, moldadas, de ferro fundido, ferro ou aço";"11583229";"8308104"
"2018";"73251000";"Outras obras moldadas de ferro fundido, não maleável";"7315903";"3695365"
"2018";"73259990";"Outras obras moldadas, de ferro fundido ou ferro";"3768065";"920218"
"2018";"73259910";"Outras obras moldadas, de aço";"2691378";"789243"
"2017";"73259100";"Esferas e artefatos semelhantes, para moinhos, moldadas, de ferro fundido, ferro ou aço";"13869235";"10545972"
"2017";"73251000";"Outras obras moldadas de ferro fundido, não maleável";"6154025";"3705070"
"2017";"73259990";"Outras obras moldadas, de ferro fundido ou ferro";"3535894";"881645"
"2017";"73259910";"Outras obras moldadas, de aço";"2008564";"327697"
"2016";"73259100";"Esferas e artefatos semelhantes, para moinhos, moldadas, de ferro fundido, ferro ou aço";"14628914";"12298709"
"2016";"73251000";"Outras obras moldadas de ferro fundido, não maleável";"4610535";"2463153"
"2016";"73259910";"Outras obras moldadas, de aço";"2024990";"322415"
"2016";"73259990";"Outras obras moldadas, de ferro fundido ou ferro";"1800629";"526152"
"2015";"73251000";"Outras obras moldadas de ferro fundido, não maleável";"4643727";"2318851"
"2015";"73259910";"Outras obras moldadas, de aço";"4510059";"1297786"
"2015";"73259990";"Outras obras moldadas, de ferro fundido ou ferro";"1942763";"512601"
"2015";"73259100";"Esferas e artefatos semelhantes, para moinhos, moldadas, de ferro fundido, ferro ou aço";"1436725";"1135200"
"2014";"73259990";"Outras obras moldadas, de ferro fundido ou ferro";"6810597";"1830180"
"2014";"73251000";"Outras obras moldadas de ferro fundido, não maleável";"5522728";"1883773"
"2014";"73259910";"Outras obras moldadas, de aço";"3178888";"734061"
"2014";"73259100";"Esferas e artefatos semelhantes, para moinhos, moldadas, de ferro fundido, ferro ou aço";"843197";"595735"
"2013";"73259910";"Outras obras moldadas, de aço";"4640784";"666785"
"2013";"73251000";"Outras obras moldadas de ferro fundido, não maleável";"4460239";"1349147"
"2013";"73259100";"Esferas e artefatos semelhantes, para moinhos, moldadas, de ferro fundido, ferro ou aço";"3554697";"2422906"
"2013";"73259990";"Outras obras moldadas, de ferro fundido ou ferro";"3208189";"862330"
"2012";"73259990";"Outras obras moldadas, de ferro fundido ou ferro";"10164763";"2372466"
"2012";"73251000";"Outras obras moldadas de ferro fundido, não maleável";"6062462";"2064944"
"2012";"73259100";"Esferas e artefatos semelhantes, para moinhos, moldadas, de ferro fundido, ferro ou aço";"4990604";"3125981"
"2012";"73259910";"Outras obras moldadas, de aço";"3471676";"220130"
"2011";"73259990";"Outras obras moldadas, de ferro fundido ou ferro";"11017722";"1919063"
"2011";"73251000";"Outras obras moldadas de ferro fundido, não maleável";"8283456";"2902868"
"2011";"73259100";"Esferas e artefatos semelhantes, para moinhos, moldadas, de ferro fundido, ferro ou aço";"8073400";"5160232"
"2011";"73259910";"Outras obras moldadas, de aço";"6372566";"562126"
"2010";"73259990";"Outras obras moldadas, de ferro fundido ou ferro";"6322987";"2406716"
"2010";"73251000";"Outras obras moldadas de ferro fundido, não maleável";"4824321";"1854167"
"2010";"73259910";"Outras obras moldadas, de aço";"3693049";"356552"
"2010";"73259100";"Esferas e artefatos semelhantes, para moinhos, moldadas, de ferro fundido, ferro ou aço";"1476464";"879943"
"2009";"73259100";"Esferas e artefatos semelhantes, para moinhos, moldadas, de ferro fundido, ferro ou aço";"8634992";"4925934"
"2009";"73259990";"Outras obras moldadas, de ferro fundido ou ferro";"5720262";"1616739"
"2009";"73251000";"Outras obras moldadas de ferro fundido, não maleável";"5132355";"1883744"
"2009";"73259910";"Outras obras moldadas, de aço";"1406999";"114295"
"2008";"73259100";"Esferas e artefatos semelhantes, para moinhos, moldadas, de ferro fundido, ferro ou aço";"10888120";"6181363"
"2008";"73251000";"Outras obras moldadas de ferro fundido, não maleável";"8169324";"3187250"
"2008";"73259990";"Outras obras moldadas, de ferro fundido ou ferro";"7431821";"2201395"
"2008";"73259910";"Outras obras moldadas, de aço";"1490878";"115920"
"2007";"73259100";"Esferas e artefatos semelhantes, para moinhos, moldadas, de ferro fundido, ferro ou aço";"10939374";"8960985"
"2007";"73251000";"Outras obras moldadas de ferro fundido, não maleável";"6245044";"2681093"
"2007";"73259990";"Outras obras moldadas, de ferro fundido ou ferro";"2892340";"1305075"
"2007";"73259910";"Outras obras moldadas, de aço";"1462630";"142206"
"2006";"73251000";"Outras obras moldadas de ferro fundido, não maleável";"9764358";"5364303"
"2006";"73259100";"Esferas e artefatos semelhantes, para moinhos, moldadas, de ferro fundido, ferro ou aço";"3966997";"3401242"
"2006";"73259990";"Outras obras moldadas, de ferro fundido ou ferro";"2554364";"1644908"
"2006";"73259910";"Outras obras moldadas, de aço";"1597058";"292877"