"data";"ano";"mes";"ipca_indice_inflacao";"dolar_venda";"ipp_metalurgia_indice"
"01/02/1953";1953;2;NA;38;NA
"01/03/1953";1953;3;NA;38,2581;NA
"01/04/1953";1953;4;NA;41,9333;NA
"01/05/1953";1953;5;NA;40,2581;NA
"01/06/1953";1953;6;NA;44,07;NA
"01/07/1953";1953;7;NA;44,38;NA
"01/08/1953";1953;8;NA;40,6677;NA
"01/09/1953";1953;9;NA;38,4867;NA
"01/10/1953";1953;10;NA;38,1;NA
"01/11/1953";1953;11;NA;38,5967;NA
"01/12/1953";1953;12;NA;53,0968;NA
"01/01/1954";1954;1;NA;56,37;NA
"01/02/1954";1954;2;NA;54,8929;NA
"01/03/1954";1954;3;NA;59,9452;NA
"01/04/1954";1954;4;NA;58,09;NA
"01/05/1954";1954;5;NA;52,1452;NA
"01/06/1954";1954;6;NA;56,5333;NA
"01/07/1954";1954;7;NA;57,6613;NA
"01/08/1954";1954;8;NA;60,0419;NA
"01/09/1954";1954;9;NA;61,3667;NA
"01/10/1954";1954;10;NA;63,5129;NA
"01/11/1954";1954;11;NA;65,6833;NA
"01/12/1954";1954;12;NA;71,1613;NA
"01/01/1955";1955;1;NA;73,4355;NA
"01/02/1955";1955;2;NA;71,5357;NA
"01/03/1955";1955;3;NA;72,5806;NA
"01/04/1955";1955;4;NA;75,0333;NA
"01/05/1955";1955;5;NA;75,5;NA
"01/06/1955";1955;6;NA;75,4667;NA
"01/07/1955";1955;7;NA;74,21;NA
"01/08/1955";1955;8;NA;71,4677;NA
"01/09/1955";1955;9;NA;70,3833;NA
"01/10/1955";1955;10;NA;66,9355;NA
"01/11/1955";1955;11;NA;65,0167;NA
"01/12/1955";1955;12;NA;65,5645;NA
"01/01/1956";1956;1;NA;66,5806;NA
"01/02/1956";1956;2;NA;68,9828;NA
"01/03/1956";1956;3;NA;68,6935;NA
"01/04/1956";1956;4;NA;70,0667;NA
"01/05/1956";1956;5;NA;72,3871;NA
"01/06/1956";1956;6;NA;78;NA
"01/07/1956";1956;7;NA;77,6129;NA
"01/08/1956";1956;8;NA;72;NA
"01/09/1956";1956;9;NA;71,5;NA
"01/10/1956";1956;10;NA;67;NA
"01/11/1956";1956;11;NA;66,9333;NA
"01/12/1956";1956;12;NA;65,0645;NA
"01/01/1957";1957;1;NA;65,5;NA
"01/02/1957";1957;2;NA;65,5286;NA
"01/03/1957";1957;3;NA;66,2;NA
"01/04/1957";1957;4;NA;65,4067;NA
"01/05/1957";1957;5;NA;68,6613;NA
"01/06/1957";1957;6;NA;73,25;NA
"01/07/1957";1957;7;NA;71,0871;NA
"01/08/1957";1957;8;NA;74,0419;NA
"01/09/1957";1957;9;NA;79,1;NA
"01/10/1957";1957;10;NA;82,2581;NA
"01/11/1957";1957;11;NA;86,49;NA
"01/12/1957";1957;12;NA;93,2194;NA
"01/01/1958";1958;1;NA;92,8742;NA
"01/02/1958";1958;2;NA;99,5679;NA
"01/03/1958";1958;3;NA;103,2194;NA
"01/04/1958";1958;4;NA;113,1333;NA
"01/05/1958";1958;5;NA;130,4258;NA
"01/06/1958";1958;6;NA;131,0333;NA
"01/07/1958";1958;7;NA;134,6548;NA
"01/08/1958";1958;8;NA;138,929;NA
"01/09/1958";1958;9;NA;157,6167;NA
"01/10/1958";1958;10;NA;146,7677;NA
"01/11/1958";1958;11;NA;141,8833;NA
"01/12/1958";1958;12;NA;138,2194;NA
"01/01/1959";1959;1;NA;144,9774;NA
"01/02/1959";1959;2;NA;142,3321;NA
"01/03/1959";1959;3;NA;140,07;NA
"01/04/1959";1959;4;NA;136,97;NA
"01/05/1959";1959;5;NA;134,23;NA
"01/06/1959";1959;6;NA;137,9;NA
"01/07/1959";1959;7;NA;149,67;NA
"01/08/1959";1959;8;NA;153,5;NA
"01/09/1959";1959;9;NA;153,5;NA
"01/10/1959";1959;10;NA;161,6452;NA
"01/11/1959";1959;11;NA;177,3;NA
"01/12/1959";1959;12;NA;184,1;NA
"01/01/1960";1960;1;NA;189,92;NA
"01/02/1960";1960;2;NA;186,25;NA
"01/03/1960";1960;3;NA;186;NA
"01/04/1960";1960;4;NA;186;NA
"01/05/1960";1960;5;NA;186;NA
"01/06/1960";1960;6;NA;186;NA
"01/07/1960";1960;7;NA;186;NA
"01/08/1960";1960;8;NA;186;NA
"01/09/1960";1960;9;NA;186;NA
"01/10/1960";1960;10;NA;186;NA
"01/11/1960";1960;11;NA;186;NA
"01/12/1960";1960;12;NA;187,4516;NA
"01/01/1961";1961;1;NA;209,52;NA
"01/02/1961";1961;2;NA;220;NA
"01/03/1961";1961;3;NA;246,69;NA
"01/04/1961";1961;4;NA;282,23;NA
"01/05/1961";1961;5;NA;270,1;NA
"01/06/1961";1961;6;NA;263,1;NA
"01/07/1961";1961;7;NA;264;NA
"01/08/1961";1961;8;NA;270,74;NA
"01/09/1961";1961;9;NA;293,37;NA
"01/10/1961";1961;10;NA;303,84;NA
"01/11/1961";1961;11;NA;307;NA
"01/12/1961";1961;12;NA;307;NA
"01/01/1962";1962;1;NA;318;NA
"01/02/1962";1962;2;NA;318;NA
"01/03/1962";1962;3;NA;318;NA
"01/04/1962";1962;4;NA;318;NA
"01/05/1962";1962;5;NA;334;NA
"01/06/1962";1962;6;NA;359;NA
"01/07/1962";1962;7;NA;367;NA
"01/08/1962";1962;8;NA;392;NA
"01/09/1962";1962;9;NA;463;NA
"01/10/1962";1962;10;NA;475;NA
"01/11/1962";1962;11;NA;475;NA
"01/12/1962";1962;12;NA;475;NA
"01/01/1963";1963;1;NA;475;NA
"01/02/1963";1963;2;NA;475;NA
"01/03/1963";1963;3;NA;475;NA
"01/04/1963";1963;4;NA;516;NA
"01/05/1963";1963;5;NA;620;NA
"01/06/1963";1963;6;NA;620;NA
"01/07/1963";1963;7;NA;620;NA
"01/08/1963";1963;8;NA;620;NA
"01/09/1963";1963;9;NA;620;NA
"01/10/1963";1963;10;NA;620;NA
"01/11/1963";1963;11;NA;620;NA
"01/12/1963";1963;12;NA;620;NA
"01/01/1964";1964;1;NA;620;NA
"01/02/1964";1964;2;NA;732;NA
"01/03/1964";1964;3;NA;1179;NA
"01/04/1964";1964;4;NA;1200;NA
"01/05/1964";1964;5;NA;1200;NA
"01/06/1964";1964;6;NA;1200;NA
"01/07/1964";1964;7;NA;1200;NA
"01/08/1964";1964;8;NA;1234;NA
"01/09/1964";1964;9;NA;1589;NA
"01/10/1964";1964;10;NA;1610;NA
"01/11/1964";1964;11;NA;1610;NA
"01/12/1964";1964;12;NA;1656;NA
"01/01/1965";1965;1;NA;1850;NA
"01/02/1965";1965;2;NA;1850;NA
"01/03/1965";1965;3;NA;1850;NA
"01/04/1965";1965;4;NA;1850;NA
"01/05/1965";1965;5;NA;1850;NA
"01/06/1965";1965;6;NA;1850;NA
"01/07/1965";1965;7;NA;1850;NA
"01/08/1965";1965;8;NA;1850;NA
"01/09/1965";1965;9;NA;1850;NA
"01/10/1965";1965;10;NA;1850;NA
"01/11/1965";1965;11;NA;2064;NA
"01/12/1965";1965;12;NA;2220;NA
"01/01/1966";1966;1;NA;2220;NA
"01/02/1966";1966;2;NA;2220;NA
"01/03/1966";1966;3;NA;2220;NA
"01/04/1966";1966;4;NA;2220;NA
"01/05/1966";1966;5;NA;2220;NA
"01/06/1966";1966;6;NA;2220;NA
"01/07/1966";1966;7;NA;2220;NA
"01/08/1966";1966;8;NA;2220;NA
"01/09/1966";1966;9;NA;2220;NA
"01/10/1966";1966;10;NA;2220;NA
"01/11/1966";1966;11;NA;2220;NA
"01/12/1966";1966;12;NA;2220;NA
"01/01/1967";1967;1;NA;2220;NA
"01/02/1967";1967;2;NA;2,591;NA
"01/03/1967";1967;3;NA;2,715;NA
"01/04/1967";1967;4;NA;2,715;NA
"01/05/1967";1967;5;NA;2,715;NA
"01/06/1967";1967;6;NA;2,715;NA
"01/07/1967";1967;7;NA;2,715;NA
"01/08/1967";1967;8;NA;2,715;NA
"01/09/1967";1967;9;NA;2,715;NA
"01/10/1967";1967;10;NA;2,715;NA
"01/11/1967";1967;11;NA;2,715;NA
"01/12/1967";1967;12;NA;2,715;NA
"01/01/1968";1968;1;NA;3,22;NA
"01/02/1968";1968;2;NA;3,22;NA
"01/03/1968";1968;3;NA;3,22;NA
"01/04/1968";1968;4;NA;3,22;NA
"01/05/1968";1968;5;NA;3,22;NA
"01/06/1968";1968;6;NA;3,22;NA
"01/07/1968";1968;7;NA;3,22;NA
"01/08/1968";1968;8;NA;3,3;NA
"01/09/1968";1968;9;NA;3,661;NA
"01/10/1968";1968;10;NA;3,7;NA
"01/11/1968";1968;11;NA;3,732;NA
"01/12/1968";1968;12;NA;3,818;NA
"01/01/1969";1969;1;NA;3,83;NA
"01/02/1969";1969;2;NA;3,905;NA
"01/03/1969";1969;3;NA;3,966;NA
"01/04/1969";1969;4;NA;4;NA
"01/05/1969";1969;5;NA;4,026;NA
"01/06/1969";1969;6;NA;4,05;NA
"01/07/1969";1969;7;NA;4,091;NA
"01/08/1969";1969;8;NA;4,107;NA
"01/09/1969";1969;9;NA;4,15;NA
"01/10/1969";1969;10;NA;4,205;NA
"01/11/1969";1969;11;NA;4,254;NA
"01/12/1969";1969;12;NA;4,313;NA
"01/01/1970";1970;1;NA;4,35;NA
"01/02/1970";1970;2;NA;4,403;NA
"01/03/1970";1970;3;NA;4,42;NA
"01/04/1970";1970;4;NA;4,49;NA
"01/05/1970";1970;5;NA;4,52;NA
"01/06/1970";1970;6;NA;4,56;NA
"01/07/1970";1970;7;NA;4,609;NA
"01/08/1970";1970;8;NA;4,65;NA
"01/09/1970";1970;9;NA;4,68;NA
"01/10/1970";1970;10;NA;4,72;NA
"01/11/1970";1970;11;NA;4,83;NA
"01/12/1970";1970;12;NA;4,89;NA
"01/01/1971";1971;1;NA;4,95;NA
"01/02/1971";1971;2;NA;5;NA
"01/03/1971";1971;3;NA;5,058;NA
"01/04/1971";1971;4;NA;5,11;NA
"01/05/1971";1971;5;NA;5,195;NA
"01/06/1971";1971;6;NA;5,255;NA
"01/07/1971";1971;7;NA;5,285;NA
"01/08/1971";1971;8;NA;5,388;NA
"01/09/1971";1971;9;NA;5,473;NA
"01/10/1971";1971;10;NA;5,505;NA
"01/11/1971";1971;11;NA;5,597;NA
"01/12/1971";1971;12;NA;5,635;NA
"01/01/1972";1972;1;NA;5,651;NA
"01/02/1972";1972;2;NA;5,785;NA
"01/03/1972";1972;3;NA;5,813;NA
"01/04/1972";1972;4;NA;5,845;NA
"01/05/1972";1972;5;NA;5,902;NA
"01/06/1972";1972;6;NA;5,915;NA
"01/07/1972";1972;7;NA;5,943;NA
"01/08/1972";1972;8;NA;5,965;NA
"01/09/1972";1972;9;NA;6,019;NA
"01/10/1972";1972;10;NA;6,06;NA
"01/11/1972";1972;11;NA;6,12;NA
"01/12/1972";1972;12;NA;6,19;NA
"01/01/1973";1973;1;NA;6,215;NA
"01/02/1973";1973;2;NA;6,108;NA
"01/03/1973";1973;3;NA;6,03;NA
"01/04/1973";1973;4;NA;6,048;NA
"01/05/1973";1973;5;NA;6,1;NA
"01/06/1973";1973;6;NA;6,1;NA
"01/07/1973";1973;7;NA;6,123;NA
"01/08/1973";1973;8;NA;6,13;NA
"01/09/1973";1973;9;NA;6,141;NA
"01/10/1973";1973;10;NA;6,16;NA
"01/11/1973";1973;11;NA;6,16;NA
"01/12/1973";1973;12;NA;6,194;NA
"01/01/1974";1974;1;NA;6,22;NA
"01/02/1974";1974;2;NA;6,372;NA
"01/03/1974";1974;3;NA;6,455;NA
"01/04/1974";1974;4;NA;6,51;NA
"01/05/1974";1974;5;NA;6,34;NA
"01/06/1974";1974;6;NA;6,695;NA
"01/07/1974";1974;7;NA;6,867;NA
"01/08/1974";1974;8;NA;6,959;NA
"01/09/1974";1974;9;NA;7,067;NA
"01/10/1974";1974;10;NA;7,146;NA
"01/11/1974";1974;11;NA;7,267;NA
"01/12/1974";1974;12;NA;7,361;NA
"01/01/1975";1975;1;NA;7,456;NA
"01/02/1975";1975;2;NA;7,577;NA
"01/03/1975";1975;3;NA;7,662;NA
"01/04/1975";1975;4;NA;7,803;NA
"01/05/1975";1975;5;NA;7,923;NA
"01/06/1975";1975;6;NA;7,989;NA
"01/07/1975";1975;7;NA;8,117;NA
"01/08/1975";1975;8;NA;8,288;NA
"01/09/1975";1975;9;NA;8,404;NA
"01/10/1975";1975;10;NA;8,553;NA
"01/11/1975";1975;11;NA;8,763;NA
"01/12/1975";1975;12;NA;8,985;NA
"01/01/1976";1976;1;NA;9,137;NA
"01/02/1976";1976;2;NA;9,323;NA
"01/03/1976";1976;3;NA;9,598;NA
"01/04/1976";1976;4;NA;10,134;NA
"01/05/1976";1976;5;NA;10,418;NA
"01/06/1976";1976;6;NA;10,669;NA
"01/07/1976";1976;7;NA;10,842;NA
"01/08/1976";1976;8;NA;11,053;NA
"01/09/1976";1976;9;NA;11,313;NA
"01/10/1976";1976;10;NA;11,554;NA
"01/11/1976";1976;11;NA;11,875;NA
"01/12/1976";1976;12;NA;12,16;NA
"01/01/1977";1977;1;NA;12,462;NA
"01/02/1977";1977;2;NA;12,699;NA
"01/03/1977";1977;3;NA;13,003;NA
"01/04/1977";1977;4;NA;13,348;NA
"01/05/1977";1977;5;NA;13,698;NA
"01/06/1977";1977;6;NA;14,05;NA
"01/07/1977";1977;7;NA;14,42;NA
"01/08/1977";1977;8;NA;14,69;NA
"01/09/1977";1977;9;NA;14,93;NA
"01/10/1977";1977;10;NA;15,141;NA
"01/11/1977";1977;11;NA;15,418;NA
"01/12/1977";1977;12;NA;15,869;NA
"01/01/1978";1978;1;NA;16,114;NA
"01/02/1978";1978;2;NA;16,359;NA
"01/03/1978";1978;3;NA;16,692;NA
"01/04/1978";1978;4;NA;16,996;NA
"01/05/1978";1978;5;NA;17,418;NA
"01/06/1978";1978;6;NA;17,805;NA
"01/07/1978";1978;7;NA;18,12;NA
"01/08/1978";1978;8;NA;18,599;NA
"01/09/1978";1978;9;NA;19,05;NA
"01/10/1978";1978;10;NA;19,339;NA
"01/11/1978";1978;11;NA;19,825;NA
"01/12/1978";1978;12;NA;20,52;NA
"01/01/1979";1979;1;NA;21,226;NA
"01/02/1979";1979;2;NA;21,943;NA
"01/03/1979";1979;3;NA;22,648;NA
"01/04/1979";1979;4;NA;23,408;NA
"01/05/1979";1979;5;NA;24,586;NA
"01/06/1979";1979;6;NA;25,655;NA
"01/07/1979";1979;7;NA;26,115;NA
"01/08/1979";1979;8;NA;26,99;NA
"01/09/1979";1979;9;NA;28,792;NA
"01/10/1979";1979;10;NA;30,158;NA
"01/11/1979";1979;11;NA;31,551;NA
"01/12/1979";1979;12;0,0000000076183;40,272;NA
"01/01/1980";1980;1;0,0000000081223;43,643;NA
"01/02/1980";1980;2;0,0000000084973;44,862;NA
"01/03/1980";1980;3;0,0000000090104;46,516;NA
"01/04/1980";1980;4;0,0000000094867;48,324;NA
"01/05/1980";1980;5;0,0000000100277;49,79;NA
"01/06/1980";1980;6;0,0000000105597;51,362;NA
"01/07/1980";1980;7;0,0000000111453;52,847;NA
"01/08/1980";1980;8;0,0000000116965;54,645;NA
"01/09/1980";1980;9;0,0000000121913;56,608;NA
"01/10/1980";1980;10;0,0000000133471;58,783;NA
"01/11/1980";1980;11;0,0000000142378;61,321;NA
"01/12/1980";1980;12;0,0000000151795;63,871;NA
"01/01/1981";1981;1;0,0000000162174;67,521;NA
"01/02/1981";1981;2;0,0000000172555;70,511;NA
"01/03/1981";1981;3;0,0000000181134;74,372;NA
"01/04/1981";1981;4;0,0000000192839;78,963;NA
"01/05/1981";1981;5;0,000000020356;84,04;NA
"01/06/1981";1981;6;0,0000000214792;88,673;NA
"01/07/1981";1981;7;0,0000000228229;93,96;NA
"01/08/1981";1981;8;0,0000000240772;99,921;NA
"01/09/1981";1981;9;0,0000000253429;105,284;NA
"01/10/1981";1981;10;0,0000000266297;111,467;NA
"01/11/1981";1981;11;0,0000000280335;117,955;NA
"01/12/1981";1981;12;0,0000000296946;124,831;NA
"01/01/1982";1982;1;0,0000000317628;131,21;NA
"01/02/1982";1982;2;0,0000000338708;137,48;NA
"01/03/1982";1982;3;0,0000000358057;144,917;NA
"01/04/1982";1982;4;0,0000000379137;152,228;NA
"01/05/1982";1982;5;0,0000000404382;159,98;NA
"01/06/1982";1982;6;0,0000000433113;168,335;NA
"01/07/1982";1982;7;0,000000046065;177,755;NA
"01/08/1982";1982;8;0,0000000488164;189,106;NA
"01/09/1982";1982;9;0,0000000512964;202,088;NA
"01/10/1982";1982;10;0,0000000535752;215,69;NA
"01/11/1982";1982;11;0,0000000564085;229,956;NA
"01/12/1982";1982;12;0,0000000608117;245,426;NA
"01/01/1983";1983;1;0,0000000660665;263,196;NA
"01/02/1983";1983;2;0,0000000712581;315,536;NA
"01/03/1983";1983;3;0,0000000764919;400,56;NA
"01/04/1983";1983;4;0,0000000815245;435,263;NA
"01/05/1983";1983;5;0,0000000868097;474,632;NA
"01/06/1983";1983;6;0,0000000953868;517,778;NA
"01/07/1983";1983;7;0,0000001050003;570,364;NA
"01/08/1983";1983;8;0,0000001145671;643,34;NA
"01/09/1983";1983;9;0,0000001263682;701,381;NA
"01/10/1983";1983;10;0,0000001375727;785,3;NA
"01/11/1983";1983;11;0,0000001477314;871,05;NA
"01/12/1983";1983;12;0,0000001605502;946,136;NA
"01/01/1984";1984;1;0,0000001760737;1021,045;NA
"01/02/1984";1984;2;0,000000192802;1130,762;NA
"01/03/1984";1984;3;0,0000002100357;1270,2;NA
"01/04/1984";1984;4;0,0000002300794;1387,789;NA
"01/05/1984";1984;5;0,0000002509021;1510,727;NA
"01/06/1984";1984;6;0,0000002761935;1644,75;NA
"01/07/1984";1984;7;0,0000003030524;1816;NA
"01/08/1984";1984;8;0,0000003313854;1994,304;NA
"01/09/1984";1984;9;0,0000003703168;2203,947;NA
"01/10/1984";1984;10;0,0000004089675;2453,773;NA
"01/11/1984";1984;11;0,0000004520168;2734,5;NA
"01/12/1984";1984;12;0,0000005061559;3008,55;NA
"01/01/1985";1985;1;0,0000005656761;3363,818;NA
"01/02/1985";1985;2;0,0000006271382;3764,111;NA
"01/03/1985";1985;3;0,0000006908698;4160,381;NA
"01/04/1985";1985;4;0,0000007474889;4717,895;NA
"01/05/1985";1985;5;0,000000801277;5236,364;NA
"01/06/1985";1985;6;0,0000008693369;5742,105;NA
"01/07/1985";1985;7;0,0000009589916;6220;NA
"01/08/1985";1985;8;0,0000010745459;6711,364;NA
"01/09/1985";1985;9;0,0000011940075;7461,667;NA
"01/10/1985";1985;10;0,0000013207687;8186,522;NA
"01/11/1985";1985;11;0,0000015053189;8928,5;NA
"01/12/1985";1985;12;0,0000017322163;9912;NA
"01/01/1986";1986;1;0,0000019811765;11310;NA
"01/02/1986";1986;2;0,000002233108;13029;NA
"01/03/1986";1986;3;0,0000023396314;13,84;NA
"01/04/1986";1986;4;0,0000023578806;13,84;NA
"01/05/1986";1986;5;0,0000023908694;13,84;NA
"01/06/1986";1986;6;0,0000024212846;13,84;NA
"01/07/1986";1986;7;0,000002462696;13,84;NA
"01/08/1986";1986;8;0,0000025501983;13,84;NA
"01/09/1986";1986;9;0,0000025939494;13,84;NA
"01/10/1986";1986;10;0,0000026433156;13,97;NA
"01/11/1986";1986;11;0,0000027874369;14,107;NA
"01/12/1986";1986;12;0,0000031121777;14,546;NA
"01/01/1987";1987;1;0,000003523251;15,698;NA
"01/02/1987";1987;2;0,0000039684829;18,136;NA
"01/03/1987";1987;3;0,0000046181985;21,006;NA
"01/04/1987";1987;4;0,0000055002395;23,707;NA
"01/05/1987";1987;5;0,0000066801157;30,782;NA
"01/06/1987";1987;6;0,0000079968603;39,44;NA
"01/07/1987";1987;7;0,0000087333762;44,934;NA
"01/08/1987";1987;8;0,0000091587212;47,13;NA
"01/09/1987";1987;9;0,000009871373;49,866;NA
"01/10/1987";1987;10;0,0000109789545;53,407;NA
"01/11/1987";1987;11;0,0000126344777;59,289;NA
"01/12/1987";1987;12;0,0000144221901;67,481;NA
"01/01/1988";1988;1;0,000017146457;77,655;NA
"01/02/1988";1988;2;0,0000198384369;90,841;NA
"01/03/1988";1988;3;0,0000233301029;107,138;NA
"01/04/1988";1988;4;0,000027830389;125,686;NA
"01/05/1988";1988;5;0,0000326783343;150,638;NA
"01/06/1988";1988;6;0,0000398675537;178,303;NA
"01/07/1988";1988;7;0,0000486025677;215,826;NA
"01/08/1988";1988;8;0,0000590958147;267,406;NA
"01/09/1988";1988;9;0,0000753176493;326,235;NA
"01/10/1988";1988;10;0,0000946139936;411,697;NA
"01/11/1988";1988;11;0,0001210492553;526,153;NA
"01/12/1988";1988;12;0,0001557904426;671,032;NA
"01/01/1989";1989;1;0,0002141963;0,903;NA
"01/02/1989";1989;2;0,0002501384201;1;NA
"01/03/1989";1989;3;0,0002671978428;1;NA
"01/04/1989";1989;4;0,0002894554586;1,015;NA
"01/05/1989";1989;5;0,0003413257896;1,099;NA
"01/06/1989";1989;6;0,0004391155989;1,337;NA
"01/07/1989";1989;7;0,0005609261703;1,914;NA
"01/08/1989";1989;8;0,0007500144816;2,475;NA
"01/09/1989";1989;9;0,001031719911;3,267;NA
"01/10/1989";1989;10;0,0014420348808;4,49;NA
"01/11/1989";1989;11;0,0021316159803;6,248;NA
"01/12/1989";1989;12;0,0032293981927;9,259;NA
"01/01/1990";1990;1;0,0054108567454;14,313;NA
"01/02/1990";1990;2;0,0095084984833;23,661;NA
"01/03/1990";1990;3;0,017342550351;37,701;NA
"01/04/1990";1990;4;0,0200341140678;47,89;NA
"01/05/1990";1990;5;0,0215547032441;52,23;NA
"01/06/1990";1990;6;0,0240873809519;57,116;NA
"01/07/1990";1990;7;0,027199470492;66,517;NA
"01/08/1990";1990;8;0,0307027623187;71,757;NA
"01/09/1990";1990;9;0,0351270304097;75,541;NA
"01/10/1990";1990;10;0,0401712720553;95,165;NA
"01/11/1990";1990;11;0,0469240627842;123,133;NA
"01/12/1990";1990;12;0,0555768600186;154,586;NA
"01/01/1991";1991;1;0,0671090584724;193,189;NA
"01/02/1991";1991;2;0,0810143888491;221,756;NA
"01/03/1991";1991;3;0,0906736471203;230,085;NA
"01/04/1991";1991;4;0,0951976035258;252,175;NA
"01/05/1991";1991;5;0,1022725378062;272,977;NA
"01/06/1991";1991;6;0,113715813284;297,871;NA
"01/07/1991";1991;7;0,1278267780427;328,922;NA
"01/08/1991";1991;8;0,1478066592194;371,282;NA
"01/09/1991";1991;9;0,1709099599291;428,951;NA
"01/10/1991";1991;10;0,2054843245466;583,852;NA
"01/11/1991";1991;11;0,2572875157699;740,367;NA
"01/12/1991";1991;12;0,3182886773263;957,874;NA
"01/01/1992";1992;1;0,4008536605699;1197,377;NA
"01/02/1992";1992;2;0,4983410307284;1478,655;NA
"01/03/1992";1992;3;0,6049874674181;1814,518;NA
"01/04/1992";1992;4;0,7255614652283;2196,784;NA
"01/05/1992";1992;5;0,9059361644186;2628,642;NA
"01/06/1992";1992;6;1,0890285720637;3149,767;NA
"01/07/1992";1992;7;1,3267641484791;3829,196;NA
"01/08/1992";1992;8;1,6205100844213;4672,143;NA
"01/09/1992";1992;9;2,0196408623306;5771,524;NA
"01/10/1992";1992;10;2,5293973801068;7214,9;NA
"01/11/1992";1992;11;3,0982598885128;9046,797;NA
"01/12/1992";1992;12;3,88025965509;11150,875;NA
"01/01/1993";1993;1;5,0579166458253;14059,142;NA
"01/02/1993";1993;2;6,3213843084293;17868,592;NA
"01/03/1993";1993;3;8,0445948724789;22469,246;NA
"01/04/1993";1993;4;10,2769672819025;28728,942;NA
"01/05/1993";1993;5;13,1226581300609;37040,31;NA
"01/06/1993";1993;6;17,0686429798089;48106,46;NA
"01/07/1993";1993;7;22,3121307612362;62773,236;NA
"01/08/1993";1993;8;29,6662109364145;82,74;NA
"01/09/1993";1993;9;40,2540807309468;111,189;NA
"01/10/1993";1993;10;53,9082648348533;151,225;NA
"01/11/1993";1993;11;73,078046584524;205,801;NA
"01/12/1993";1993;12;100;279,385;NA
"01/01/1994";1994;1;141,31;390,8445;NA
"01/02/1994";1994;2;198,22;550,8067;NA
"01/03/1994";1994;3;282,96;768,1203;NA
"01/04/1994";1994;4;403,73;1109,5644;NA
"01/05/1994";1994;5;581,49;1585,475;NA
"01/06/1994";1994;6;857,29;2296,2562;NA
"01/07/1994";1994;7;915,93;0,9333;NA
"01/08/1994";1994;8;932,97;0,8986;NA
"01/09/1994";1994;9;947,24;0,8652;NA
"01/10/1994";1994;10;972,06;0,846;NA
"01/11/1994";1994;11;999,37;0,8418;NA
"01/12/1994";1994;12;1016,46;0,8501;NA
"01/01/1995";1995;1;1033,74;0,8471;NA
"01/02/1995";1995;2;1044,28;0,8408;NA
"01/03/1995";1995;3;1060,47;0,8894;NA
"01/04/1995";1995;4;1086,24;0,9075;NA
"01/05/1995";1995;5;1115,24;0,8974;NA
"01/06/1995";1995;6;1140,44;0,914;NA
"01/07/1995";1995;7;1167,35;0,9288;NA
"01/08/1995";1995;8;1178,91;0,942;NA
"01/09/1995";1995;9;1190,58;0,9528;NA
"01/10/1995";1995;10;1207,37;0,9597;NA
"01/11/1995";1995;11;1225,12;0,9634;NA
"01/12/1995";1995;12;1244,23;0,9683;NA
"01/01/1996";1996;1;1260,9;0,9745;NA
"01/02/1996";1996;2;1273,89;0,9811;NA
"01/03/1996";1996;3;1278,35;0,9861;NA
"01/04/1996";1996;4;1294,46;0,9902;NA
"01/05/1996";1996;5;1310,25;0,9953;NA
"01/06/1996";1996;6;1325,84;1,0013;NA
"01/07/1996";1996;7;1340,56;1,0069;NA
"01/08/1996";1996;8;1346,46;1,0134;NA
"01/09/1996";1996;9;1348,48;1,0193;NA
"01/10/1996";1996;10;1352,53;1,0251;NA
"01/11/1996";1996;11;1356,86;1,0304;NA
"01/12/1996";1996;12;1363,24;1,0373;NA
"01/01/1997";1997;1;1379,33;1,0429;NA
"01/02/1997";1997;2;1386,23;1,0493;NA
"01/03/1997";1997;3;1393,3;1,0567;NA
"01/04/1997";1997;4;1405,56;1,0609;NA
"01/05/1997";1997;5;1411,32;1,0683;NA
"01/06/1997";1997;6;1418,94;1,0746;NA
"01/07/1997";1997;7;1422,06;1,0807;NA
"01/08/1997";1997;8;1421,78;1,0879;NA
"01/09/1997";1997;9;1422,63;1,0936;NA
"01/10/1997";1997;10;1425,9;1,1001;NA
"01/11/1997";1997;11;1428,32;1,1073;NA
"01/12/1997";1997;12;1434,46;1,1136;NA
"01/01/1998";1998;1;1444,64;1,1199;NA
"01/02/1998";1998;2;1451,29;1,1271;NA
"01/03/1998";1998;3;1456,22;1,1337;NA
"01/04/1998";1998;4;1459,71;1,1412;NA
"01/05/1998";1998;5;1467,01;1,1481;NA
"01/06/1998";1998;6;1467,3;1,1546;NA
"01/07/1998";1998;7;1465,54;1,1615;NA
"01/08/1998";1998;8;1458,07;1,1717;NA
"01/09/1998";1998;9;1454,86;1,1809;NA
"01/10/1998";1998;10;1455,15;1,1884;NA
"01/11/1998";1998;11;1453,4;1,1937;NA
"01/12/1998";1998;12;1458,2;1,2054;NA
"01/01/1999";1999;1;1468,41;1,5019;NA
"01/02/1999";1999;2;1483,83;1,9137;NA
"01/03/1999";1999;3;1500,15;1,8968;NA
"01/04/1999";1999;4;1508,55;1,6941;NA
"01/05/1999";1999;5;1513,08;1,6835;NA
"01/06/1999";1999;6;1515,95;1,7654;NA
"01/07/1999";1999;7;1532,47;1,8003;NA
"01/08/1999";1999;8;1541,05;1,8807;NA
"01/09/1999";1999;9;1545,83;1,8981;NA
"01/10/1999";1999;10;1564,23;1,9695;NA
"01/11/1999";1999;11;1579,09;1,9299;NA
"01/12/1999";1999;12;1588,56;1,8428;NA
"01/01/2000";2000;1;1598,41;1,8037;NA
"01/02/2000";2000;2;1600,49;1,7753;NA
"01/03/2000";2000;3;1604,01;1,742;NA
"01/04/2000";2000;4;1610,75;1,7682;NA
"01/05/2000";2000;5;1610,91;1,8279;NA
"01/06/2000";2000;6;1614,62;1,8083;NA
"01/07/2000";2000;7;1640,62;1,7978;NA
"01/08/2000";2000;8;1662,11;1,8092;NA
"01/09/2000";2000;9;1665,93;1,8392;NA
"01/10/2000";2000;10;1668,26;1,8796;NA
"01/11/2000";2000;11;1673,6;1,948;NA
"01/12/2000";2000;12;1683,47;1,9633;NA
"01/01/2001";2001;1;1693,07;1,9545;NA
"01/02/2001";2001;2;1700,86;2,0019;NA
"01/03/2001";2001;3;1707,32;2,089;NA
"01/04/2001";2001;4;1717,22;2,1925;NA
"01/05/2001";2001;5;1724,26;2,2972;NA
"01/06/2001";2001;6;1733,23;2,3758;NA
"01/07/2001";2001;7;1756,28;2,466;NA
"01/08/2001";2001;8;1768,57;2,5106;NA
"01/09/2001";2001;9;1773,52;2,6717;NA
"01/10/2001";2001;10;1788,24;2,7402;NA
"01/11/2001";2001;11;1800,94;2,5431;NA
"01/12/2001";2001;12;1812,65;2,3627;NA
"01/01/2002";2002;1;1822,08;2,3779;NA
"01/02/2002";2002;2;1828,64;2,4196;NA
"01/03/2002";2002;3;1839,61;2,3466;NA
"01/04/2002";2002;4;1854,33;2,3204;NA
"01/05/2002";2002;5;1858,22;2,4804;NA
"01/06/2002";2002;6;1866,02;2,714;NA
"01/07/2002";2002;7;1888,23;2,9346;NA
"01/08/2002";2002;8;1900,5;3,1101;NA
"01/09/2002";2002;9;1914,18;3,342;NA
"01/10/2002";2002;10;1939,26;3,8059;NA
"01/11/2002";2002;11;1997,83;3,5764;NA
"01/12/2002";2002;12;2039,78;3,6259;NA
"01/01/2003";2003;1;2085,68;3,4384;NA
"01/02/2003";2003;2;2118,43;3,5908;NA
"01/03/2003";2003;3;2144,49;3,4469;NA
"01/04/2003";2003;4;2165,29;3,1187;NA
"01/05/2003";2003;5;2178,5;2,9557;NA
"01/06/2003";2003;6;2175,23;2,8832;NA
"01/07/2003";2003;7;2179,58;2,8798;NA
"01/08/2003";2003;8;2186,99;3,0025;NA
"01/09/2003";2003;9;2204,05;2,9228;NA
"01/10/2003";2003;10;2210,44;2,8615;NA
"01/11/2003";2003;11;2217,96;2,9138;NA
"01/12/2003";2003;12;2229,49;2,9253;NA
"01/01/2004";2004;1;2246,43;2,8518;NA
"01/02/2004";2004;2;2260,13;2,9303;NA
"01/03/2004";2004;3;2270,75;2,9055;NA
"01/04/2004";2004;4;2279,15;2,906;NA
"01/05/2004";2004;5;2290,77;3,1004;NA
"01/06/2004";2004;6;2307,03;3,1291;NA
"01/07/2004";2004;7;2328,02;3,0368;NA
"01/08/2004";2004;8;2344,08;3,0029;NA
"01/09/2004";2004;9;2351,82;2,8911;NA
"01/10/2004";2004;10;2362,17;2,8529;NA
"01/11/2004";2004;11;2378,47;2,786;NA
"01/12/2004";2004;12;2398,92;2,7182;NA
"01/01/2005";2005;1;2412,83;2,693;NA
"01/02/2005";2005;2;2427,07;2,5978;NA
"01/03/2005";2005;3;2441,87;2,7047;NA
"01/04/2005";2005;4;2463,11;2,5792;NA
"01/05/2005";2005;5;2475,18;2,4528;NA
"01/06/2005";2005;6;2474,68;2,4135;NA
"01/07/2005";2005;7;2480,87;2,3735;NA
"01/08/2005";2005;8;2485,09;2,3606;NA
"01/09/2005";2005;9;2493,79;2,2944;NA
"01/10/2005";2005;10;2512,49;2,2565;NA
"01/11/2005";2005;11;2526,31;2,2108;NA
"01/12/2005";2005;12;2535,4;2,2855;NA
"01/01/2006";2006;1;2550,36;2,2739;NA
"01/02/2006";2006;2;2560,82;2,1619;NA
"01/03/2006";2006;3;2571,83;2,152;NA
"01/04/2006";2006;4;2577,23;2,1293;NA
"01/05/2006";2006;5;2579,81;2,1781;NA
"01/06/2006";2006;6;2574,39;2,2483;NA
"01/07/2006";2006;7;2579,28;2,1893;NA
"01/08/2006";2006;8;2580,57;2,1559;NA
"01/09/2006";2006;9;2585,99;2,1687;NA
"01/10/2006";2006;10;2594,52;2,1483;NA
"01/11/2006";2006;11;2602,56;2,1579;NA
"01/12/2006";2006;12;2615,05;2,1499;NA
"01/01/2007";2007;1;2626,56;2,1385;NA
"01/02/2007";2007;2;2638,12;2,0963;NA
"01/03/2007";2007;3;2647,88;2,0887;NA
"01/04/2007";2007;4;2654,5;2,032;NA
"01/05/2007";2007;5;2661,93;1,9816;NA
"01/06/2007";2007;6;2669,38;1,9319;NA
"01/07/2007";2007;7;2675,79;1,8828;NA
"01/08/2007";2007;8;2688,37;1,966;NA
"01/09/2007";2007;9;2693,21;1,8996;NA
"01/10/2007";2007;10;2701,29;1,801;NA
"01/11/2007";2007;11;2711,55;1,7699;NA
"01/12/2007";2007;12;2731,62;1,786;NA
"01/01/2008";2008;1;2746,37;1,7743;NA
"01/02/2008";2008;2;2759,83;1,7277;NA
"01/03/2008";2008;3;2773,08;1,7076;NA
"01/04/2008";2008;4;2788,33;1,6889;NA
"01/05/2008";2008;5;2810,36;1,6605;NA
"01/06/2008";2008;6;2831,16;1,6189;NA
"01/07/2008";2008;7;2846,16;1,5914;NA
"01/08/2008";2008;8;2854,13;1,6123;NA
"01/09/2008";2008;9;2861,55;1,7996;NA
"01/10/2008";2008;10;2874,43;2,1729;NA
"01/11/2008";2008;11;2884,78;2,2663;NA
"01/12/2008";2008;12;2892,86;2,3944;NA
"01/01/2009";2009;1;2906,74;2,3074;NA
"01/02/2009";2009;2;2922,73;2,3127;NA
"01/03/2009";2009;3;2928,57;2,3138;NA
"01/04/2009";2009;4;2942,63;2,2059;NA
"01/05/2009";2009;5;2956,46;2,0609;NA
"01/06/2009";2009;6;2967,1;1,9576;NA
"01/07/2009";2009;7;2974,22;1,9328;NA
"01/08/2009";2009;8;2978,68;1,8452;NA
"01/09/2009";2009;9;2985,83;1,8198;NA
"01/10/2009";2009;10;2994,19;1,7384;NA
"01/11/2009";2009;11;3006,47;1,7262;NA
"01/12/2009";2009;12;3017,59;1,7503;62,08552
"01/01/2010";2010;1;3040,22;1,7798;63,39328
"01/02/2010";2010;2;3063,93;1,8416;63,62851
"01/03/2010";2010;3;3079,86;1,7858;63,65467
"01/04/2010";2010;4;3097,42;1,7566;65,15683
"01/05/2010";2010;5;3110,74;1,8132;66,99542
"01/06/2010";2010;6;3110,74;1,8065;67,24793
"01/07/2010";2010;7;3111,05;1,7696;66,82153
"01/08/2010";2010;8;3112,29;1,7596;66,83164
"01/09/2010";2010;9;3126,29;1,7187;65,70407
"01/10/2010";2010;10;3149,74;1,6835;64,7762
"01/11/2010";2010;11;3175,88;1,7133;65,03136
"01/12/2010";2010;12;3195,89;1,6934;64,53553
"01/01/2011";2011;1;3222,42;1,6749;62,62268
"01/02/2011";2011;2;3248,2;1,668;63,41508
"01/03/2011";2011;3;3273,86;1,6591;63,55359
"01/04/2011";2011;4;3299,07;1,5864;65,02815
"01/05/2011";2011;5;3314,58;1,6135;65,90536
"01/06/2011";2011;6;3319,55;1,587;64,68248
"01/07/2011";2011;7;3324,86;1,5639;64,52382
"01/08/2011";2011;8;3337,16;1,597;63,08693
"01/09/2011";2011;9;3354,85;1,7498;63,83621
"01/10/2011";2011;10;3369,28;1,7726;63,89567
"01/11/2011";2011;11;3386,8;1,7905;63,33064
"01/12/2011";2011;12;3403,73;1,8369;63,07128
"01/01/2012";2012;1;3422,79;1,7897;61,93526
"01/02/2012";2012;2;3438,19;1,7184;61,8487
"01/03/2012";2012;3;3445,41;1,7953;62,76512
"01/04/2012";2012;4;3467,46;1,8548;63,0573
"01/05/2012";2012;5;3479,94;1,986;64,2218
"01/06/2012";2012;6;3482,72;2,0492;64,31612
"01/07/2012";2012;7;3497,7;2,0287;63,54261
"01/08/2012";2012;8;3512,04;2,0294;64,02971
"01/09/2012";2012;9;3532,06;2,0281;63,51082
"01/10/2012";2012;10;3552,9;2,0298;63,37048
"01/11/2012";2012;11;3574,22;2,0678;63,48895
"01/12/2012";2012;12;3602,46;2,0778;63,84619
"01/01/2013";2013;1;3633,44;2,0311;64,45775
"01/02/2013";2013;2;3655,24;1,9733;64,22758
"01/03/2013";2013;3;3672,42;1,9828;64,92666
"01/04/2013";2013;4;3692,62;2,0022;65,5503
"01/05/2013";2013;5;3706,28;2,0348;65,75522
"01/06/2013";2013;6;3715,92;2,173;67,00649
"01/07/2013";2013;7;3717,03;2,2522;67,27581
"01/08/2013";2013;8;3725,95;2,3422;68,48086
"01/09/2013";2013;9;3738,99;2,2705;68,45795
"01/10/2013";2013;10;3760,3;2,1886;67,76361
"01/11/2013";2013;11;3780,61;2,2954;68,62125
"01/12/2013";2013;12;3815,39;2,3455;67,52359
"01/01/2014";2014;1;3836,37;2,3822;70,42933
"01/02/2014";2014;2;3862,84;2,3837;70,98218
"01/03/2014";2014;3;3898,38;2,3261;70,78954
"01/04/2014";2014;4;3924,5;2,2328;70,52026
"01/05/2014";2014;5;3942,55;2,2209;70,72374
"01/06/2014";2014;6;3958,32;2,2355;71,51497
"01/07/2014";2014;7;3958,72;2,2246;71,32037
"01/08/2014";2014;8;3968,62;2,268;71,57284
"01/09/2014";2014;9;3991,24;2,3329;73,27483
"01/10/2014";2014;10;4008;2,4483;73,62697
"01/11/2014";2014;11;4028,44;2,5484;74,46634
"01/12/2014";2014;12;4059,86;2,6394;74,38323
"01/01/2015";2015;1;4110,2;2,6342;74,87778
"01/02/2015";2015;2;4160,34;2,8165;75,36741
"01/03/2015";2015;3;4215,26;3,1395;77,21022
"01/04/2015";2015;4;4245,19;3,0432;76,35554
"01/05/2015";2015;5;4276,6;3,0617;76,2252
"01/06/2015";2015;6;4310,39;3,1117;73,51219
"01/07/2015";2015;7;4337,11;3,2231;73,07587
"01/08/2015";2015;8;4346,65;3,5143;73,6472
"01/09/2015";2015;9;4370,12;3,9065;74,54417
"01/10/2015";2015;10;4405,95;3,8801;75,15621
"01/11/2015";2015;11;4450,45;3,7765;73,78692
"01/12/2015";2015;12;4493,17;3,8711;73,11515
"01/01/2016";2016;1;4550,23;4,0524;74,55057
"01/02/2016";2016;2;4591,18;3,9737;74,22117
"01/03/2016";2016;3;4610,92;3,7039;73,31616
"01/04/2016";2016;4;4639,05;3,5658;72,45314
"01/05/2016";2016;5;4675,23;3,5393;73,22316
"01/06/2016";2016;6;4691,59;3,4245;73,52359
"01/07/2016";2016;7;4715,99;3,2756;74,40161
"01/08/2016";2016;8;4736,74;3,2097;75,52253
"01/09/2016";2016;9;4740,53;3,2564;74,58507
"01/10/2016";2016;10;4752,86;3,1858;73,32168
"01/11/2016";2016;11;4761,42;3,342;76,01149
"01/12/2016";2016;12;4775,7;3,3523;77,68231
"01/01/2017";2017;1;4793,85;3,1966;79,69464
"01/02/2017";2017;2;4809,67;3,1042;82,08956
"01/03/2017";2017;3;4821,69;3,1279;83,24521
"01/04/2017";2017;4;4828,44;3,1362;83,65407
"01/05/2017";2017;5;4843,41;3,2095;83,89366
"01/06/2017";2017;6;4832,27;3,2954;83,30415
"01/07/2017";2017;7;4843,87;3,2061;82,18697
"01/08/2017";2017;8;4853,07;3,1509;81,24206
"01/09/2017";2017;9;4860,83;3,1348;82,79623
"01/10/2017";2017;10;4881,25;3,1912;85,12741
"01/11/2017";2017;11;4894,92;3,2594;87,44726
"01/12/2017";2017;12;4916,46;3,2919;88,0953
"01/01/2018";2018;1;4930,72;3,2106;88,03863
"01/02/2018";2018;2;4946,5;3,2415;90,24807
"01/03/2018";2018;3;4950,95;3,2792;91,70854
"01/04/2018";2018;4;4961,84;3,4075;93,58043
"01/05/2018";2018;5;4981,69;3,6361;95,52302
"01/06/2018";2018;6;5044,46;3,7732;98,14338
"01/07/2018";2018;7;5061,11;3,8288;99,97543
"01/08/2018";2018;8;5056,56;3,9298;101,07975
"01/09/2018";2018;9;5080,83;4,1165;104,80113
"01/10/2018";2018;10;5103,69;3,7584;101,97348
"01/11/2018";2018;11;5092,97;3,7867;101,90976
"01/12/2018";2018;12;5100,61;3,8851;100
"01/01/2019";2019;1;5116,93;3,7417;98,30177
"01/02/2019";2019;2;5138,93;3,7236;97,58502
"01/03/2019";2019;3;5177,47;3,8465;98,31217
"01/04/2019";2019;4;5206,98;3,8962;99,93055
"01/05/2019";2019;5;5213,75;4,0015;101,18566
"01/06/2019";2019;6;5214,27;3,8588;101,58627
"01/07/2019";2019;7;5224,18;3,7793;97,77385
"01/08/2019";2019;8;5229,93;4,02;99,63905
"01/09/2019";2019;9;5227,84;4,1215;100,78824
"01/10/2019";2019;10;5233,07;4,087;100,28808
"01/11/2019";2019;11;5259,76;4,1553;98,87483
"01/12/2019";2019;12;5320,25;4,1096;98,31492
"01/01/2020";2020;1;5331,42;4,1495;101,25347
"01/02/2020";2020;2;5344,75;4,341;104,11628
"01/03/2020";2020;3;5348,49;4,8839;110,09026
"01/04/2020";2020;4;5331,91;5,3256;115,07004
"01/05/2020";2020;5;5311,65;5,6434;116,20961
"01/06/2020";2020;6;5325,46;5,1966;112,46322
"01/07/2020";2020;7;5344,63;5,2802;114,94788
"01/08/2020";2020;8;5357,46;5,4612;118,31024
"01/09/2020";2020;9;5391,75;5,3995;120,99057
"01/10/2020";2020;10;5438,12;5,6258;126,76577
"01/11/2020";2020;11;5486,52;5,4178;129,95096
"01/12/2020";2020;12;5560,59;5,1456;132,102
"01/01/2021";2021;1;5574,49;5,3562;140,19356
"01/02/2021";2021;2;5622,43;5,4165;151,50001
"01/03/2021";2021;3;5674,72;5,6461;160,29229
"01/04/2021";2021;4;5692,31;5,5621;168,23044
"01/05/2021";2021;5;5739,56;5,2911;174,17166
"01/06/2021";2021;6;5769,98;5,0319;174,61465
"01/07/2021";2021;7;5825,37;5,1567;181,0504
"01/08/2021";2021;8;5876,05;5,2517;185,51783
"01/09/2021";2021;9;5944,21;5,2797;187,51389
"01/10/2021";2021;10;6018,51;5,54;194,06262
"01/11/2021";2021;11;6075,69;5,5569;193,63969
"01/12/2021";2021;12;6120,04;5,6514;187,29685
"01/01/2022";2022;1;6153,09;5,5341;184,55974
"01/02/2022";2022;2;6215,24;5,1966;179,84085
"01/03/2022";2022;3;6315,93;4,9684;180,00264
"01/04/2022";2022;4;6382,88;4,758;191,22435
"01/05/2022";2022;5;6412,88;4,9551;195,14152
"01/06/2022";2022;6;6455,85;5,0492;192,59733
"01/07/2022";2022;7;6411,95;5,3681;184,76802
"01/08/2022";2022;8;6388,87;5,1433;177,55652
"01/09/2022";2022;9;6370,34;5,237;170,85561
"01/10/2022";2022;10;6407,93;5,2503;168,50452
"01/11/2022";2022;11;6434,2;5,2747;166,99746
"01/12/2022";2022;12;6474,09;5,2424;164,82638
"01/01/2023";2023;1;6508,4;5,2007;164,95365
"01/02/2023";2023;2;6563,07;5,1717;164,90123
"01/03/2023";2023;3;6609,67;5,2115;165,96857
"01/04/2023";2023;4;6649,99;5,0197;166,07286
"01/05/2023";2023;5;6665,28;4,9828;162,22799
"01/06/2023";2023;6;6659,95;4,8516;160,82961
"01/07/2023";2023;7;6667,94;4,8008;156,73304
"01/08/2023";2023;8;6683,28;4,9035;152,7006
"01/09/2023";2023;9;6700,66;4,937;150,89041
"01/10/2023";2023;10;6716,74;5,0648;150,18964
"01/11/2023";2023;11;6735,55;4,8983;148,01426
"01/12/2023";2023;12;6773,27;4,8972;148,65302
"01/01/2024";2024;1;6801,72;4,9144;150,81106
"01/02/2024";2024;2;6858,17;4,9644;153,83264
"01/03/2024";2024;3;6869,14;4,9801;155,34096
"01/04/2024";2024;4;6895,24;5,1291;157,34071
"01/05/2024";2024;5;6926,96;5,133;159,76552
"01/06/2024";2024;6;6941,51;5,389;164,38922
"01/07/2024";2024;7;6967,89;5,542;171,30183
"01/08/2024";2024;8;6966,5;5,5526;171,67701
"01/09/2024";2024;9;6997,15;5,5416;172,86361
"01/10/2024";2024;10;7036,33;5,6241;177,00686
"01/11/2024";2024;11;7063,77;5,8071;183,51534
"01/12/2024";2024;12;7100,5;6,097;192,22793
"01/01/2025";2025;1;7111,86;6,0218;190,92377
"01/02/2025";2025;2;7205,03;5,7656;187,23958
"01/03/2025";2025;3;7245,38;5,7468;183,58373
"01/04/2025";2025;4;7276,54;5,7837;182,11066
"01/05/2025";2025;5;7295,46;5,6674;175,80998
"01/06/2025";2025;6;7312,97;5,5471;173,92513
"01/07/2025";2025;7;7331,98;5,5285;171,10685
"01/08/2025";2025;8;7323,91;5,4469;170,22953
"01/09/2025";2025;9;7359,06;5,3674;170,35175
"01/10/2025";2025;10;7365,68;5,3855;173,44078
"01/11/2025";2025;11;7378,94;5,3409;172,85646
"01/12/2025";2025;12;7403,29;5,4531;176,73024
"01/01/2026";2026;1;7427,72;5,338;181,58552
"01/02/2026";2026;2;7479,71;5,2006;184,1092
"01/03/2026";2026;3;7545,53;5,2316;182,2514
"01/04/2026";2026;4;7596,09;5,0331;182,46132
"01/05/2026";2026;5;7640,15;4,9837;183,35467
"01/06/2026";2026;6;7652,37;5,1276;NA
