"Período";"Aço Bruto";"Laminados";"Laminados Planos";"Laminados Longos";"Perfis leves";"Perfis médios e pesados";"Vergalhões";"Ferro-Gusa*";"Semi-Acabados";"Semi-Acabados: Placas";"Semi-Acabados: Lingotes, blocos e tarugos"
1980-01-01;1220127;961805;NA;NA;24702;13344;147208;NA;NA;NA;NA
1980-02-01;1172345;898178;NA;NA;21205;17322;112766;NA;NA;NA;NA
1980-03-01;1271112;1026957;NA;NA;26769;14431;134720;NA;NA;NA;NA
1980-04-01;1250102;941401;NA;NA;20949;11115;121260;NA;NA;NA;NA
1980-05-01;1330039;1030191;NA;NA;30621;16191;158226;NA;NA;NA;NA
1980-06-01;1266556;1033199;NA;NA;28711;12121;133356;NA;NA;NA;NA
1980-07-01;1313310;1040257;NA;NA;20114;19701;145781;NA;NA;NA;NA
1980-08-01;1289419;1055800;NA;NA;21266;15038;155086;NA;NA;NA;NA
1980-09-01;1262635;1033371;NA;NA;30569;19063;139656;NA;NA;NA;NA
1980-10-01;1351023;1090245;NA;NA;34938;26952;148977;NA;NA;NA;NA
1980-11-01;1321023;1117929;NA;NA;20838;30576;136621;NA;NA;NA;NA
1980-12-01;1289619;1094960;NA;NA;27515;27210;154025;NA;NA;NA;NA
1981-01-01;1308900;1049047;NA;NA;27392;25505;124296;NA;NA;NA;NA
1981-02-01;1197600;960701;NA;NA;29981;18168;132744;NA;NA;NA;NA
1981-03-01;1296300;1020279;NA;NA;20213;17753;140637;NA;NA;NA;NA
1981-04-01;1136400;918608;NA;NA;15332;23304;145548;NA;NA;NA;NA
1981-05-01;1184500;855449;NA;NA;22989;24741;144001;NA;NA;NA;NA
1981-06-01;1052600;836765;NA;NA;17966;28606;137766;NA;NA;NA;NA
1981-07-01;980900;830868;NA;NA;20068;19571;133987;NA;NA;NA;NA
1981-08-01;1012400;722196;NA;NA;15446;15696;154052;NA;NA;NA;NA
1981-09-01;992200;779816;NA;NA;17460;17957;160314;NA;NA;NA;NA
1981-10-01;1022200;836047;NA;NA;16853;18270;162928;NA;NA;NA;NA
1981-11-01;970300;788319;NA;NA;15990;8241;158886;NA;NA;NA;NA
1981-12-01;1071200;849213;NA;NA;18066;9592;176547;NA;NA;NA;NA
1982-01-01;1073400;861977;NA;NA;19743;14163;156375;NA;NA;NA;NA
1982-02-01;994900;823252;NA;NA;17513;12077;159482;NA;NA;NA;NA
1982-03-01;1011300;968642;NA;NA;18221;12066;155918;NA;NA;NA;NA
1982-04-01;976600;920940;NA;NA;24401;17754;139859;NA;NA;NA;NA
1982-05-01;1071400;950968;NA;NA;20637;16533;161701;NA;NA;NA;NA
1982-06-01;1055700;951833;NA;NA;26011;14220;153263;NA;NA;NA;NA
1982-07-01;1238100;1005109;NA;NA;34692;13040;157944;NA;NA;NA;NA
1982-08-01;1210900;986179;NA;NA;29517;17511;152019;NA;NA;NA;NA
1982-09-01;1174700;928926;NA;NA;26873;15241;128427;NA;NA;NA;NA
1982-10-01;1172100;908786;NA;NA;27858;13518;139814;NA;NA;NA;NA
1982-11-01;1069200;864482;NA;NA;21298;16880;132759;NA;NA;NA;NA
1982-12-01;946900;766418;NA;NA;20583;11866;134570;NA;NA;NA;NA
1983-01-01;1059600;774684;NA;NA;18178;9311;115098;NA;NA;NA;NA
1983-02-01;917700;744880;NA;NA;10890;3256;110604;NA;NA;NA;NA
1983-03-01;1128400;903884;NA;NA;9712;8243;134180;NA;NA;NA;NA
1983-04-01;1159900;935017;NA;NA;16336;16760;139787;NA;NA;NA;NA
1983-05-01;1246400;953274;NA;NA;10977;13736;158690;NA;NA;NA;NA
1983-06-01;1199900;955291;NA;NA;13824;10626;153881;NA;NA;NA;NA
1983-07-01;1278200;1008154;NA;NA;16467;13028;161828;NA;NA;NA;NA
1983-08-01;1309800;1071372;NA;NA;11597;8374;180022;NA;NA;NA;NA
1983-09-01;1286700;1075806;NA;NA;26187;9106;153339;NA;NA;NA;NA
1983-10-01;1324700;1101442;NA;NA;19369;7061;192427;NA;NA;NA;NA
1983-11-01;1313500;1104217;NA;NA;20609;8458;182885;NA;NA;NA;NA
1983-12-01;1446600;1149634;NA;NA;22449;7760;188302;NA;NA;NA;NA
1984-01-01;1464500;1055520;NA;NA;26128;7928;147016;NA;NA;NA;NA
1984-02-01;1376600;1003545;NA;NA;14770;13064;155354;NA;NA;NA;NA
1984-03-01;1522600;1141405;NA;NA;23205;12932;189813;NA;NA;NA;NA
1984-04-01;1533600;1058173;NA;NA;22882;6145;161357;NA;NA;NA;NA
1984-05-01;1590900;1148625;NA;NA;23746;11188;190009;NA;NA;NA;NA
1984-06-01;1475200;1107430;NA;NA;20102;11581;191386;NA;NA;NA;NA
1984-07-01;1581000;1147943;NA;NA;28229;8058;192838;NA;NA;NA;NA
1984-08-01;1633500;1238991;NA;NA;23568;14892;209506;NA;NA;NA;NA
1984-09-01;1514600;1215679;NA;NA;19484;13625;184320;NA;NA;NA;NA
1984-10-01;1586000;1243704;NA;NA;23606;8822;193992;NA;NA;NA;NA
1984-11-01;1527700;1162451;NA;NA;29913;6590;186729;NA;NA;NA;NA
1984-12-01;1579500;1143280;NA;NA;18735;10764;173528;NA;NA;NA;NA
1985-01-01;1490100;1172276;NA;NA;20851;13658;177143;NA;NA;NA;NA
1985-02-01;1424300;1008773;NA;NA;15916;14362;145053;NA;NA;NA;NA
1985-03-01;1669400;1190923;NA;NA;20386;15572;140201;NA;NA;NA;NA
1985-04-01;1564200;1157110;NA;NA;21396;13767;162653;NA;NA;NA;NA
1985-05-01;1760300;1178368;NA;NA;13704;21231;169246;NA;NA;NA;NA
1985-06-01;1690100;1162226;NA;NA;15444;16171;206467;NA;NA;NA;NA
1985-07-01;1857900;1264666;NA;NA;12882;19889;193460;NA;NA;NA;NA
1985-08-01;1797100;1294391;NA;NA;12196;11627;203574;NA;NA;NA;NA
1985-09-01;1775600;1279386;NA;NA;21284;13438;195481;NA;NA;NA;NA
1985-10-01;1795200;1306058;NA;NA;25686;14035;212404;NA;NA;NA;NA
1985-11-01;1765200;1220881;NA;NA;32819;9803;193183;NA;NA;NA;NA
1985-12-01;1866100;1296585;NA;NA;17582;16277;230995;NA;NA;NA;NA
1986-01-01;1769400;1293000;732500;560500;22792;14243;202922;NA;338400;254000;84400
1986-02-01;1583600;1330400;772600;557800;17625;11497;166198;NA;231100;158900;72200
1986-03-01;1738200;1330100;772600;557500;34699;13678;179311;NA;317500;239400;78100
1986-04-01;1635800;1258900;746600;512300;22544;17344;181752;NA;321100;239700;81400
1986-05-01;1819300;1306700;751100;555600;21911;14580;186736;NA;328200;262300;65900
1986-06-01;1715100;1275450;732050;543400;20846;19135;175773;NA;336100;269500;66600
1986-07-01;1667300;1314830;748880;565950;34834;9968;173004;NA;322900;260100;62800
1986-08-01;1824400;1373260;784760;588500;27906;19400;181522;NA;372800;264650;108150
1986-09-01;1891200;1356290;744090;612200;36531;21526;179654;NA;422700;269200;153500
1986-10-01;1931200;1433500;797600;635900;33986;23415;200116;NA;419600;271650;147950
1986-11-01;1788600;1306500;716500;590000;40598;20791;196130;NA;416500;274100;142400
1986-12-01;1869200;1369300;782200;587100;33389;17525;198590;NA;481900;319100;162800
1987-01-01;1896900;1305500;692200;613300;39268;23605;201786;NA;475300;313500;161800
1987-02-01;1727100;1337600;744200;593400;33263;17097;171681;NA;401700;257500;144200
1987-03-01;1724900;1337700;744300;593400;41821;21541;171400;NA;488600;324100;164500
1987-04-01;1646800;1202800;688600;514200;29845;17075;150740;NA;438100;296300;141800
1987-05-01;1737100;1305200;770100;535100;30171;26285;144498;NA;482100;321000;161100
1987-06-01;1684800;1227900;677700;550200;14966;21883;190359;NA;428200;255500;172700
1987-07-01;1843200;1272900;768500;504400;15571;21924;181809;NA;433100;227100;206000
1987-08-01;1928300;1312000;776300;535700;14647;26402;193671;NA;475200;278900;196300
1987-09-01;1985100;1322600;817600;505000;25157;16350;166759;NA;527800;316900;210900
1987-10-01;2036600;1391800;810000;581800;24378;13685;203939;NA;517500;322600;194900
1987-11-01;2006000;1384100;810200;573900;16936;22389;176432;NA;482400;301100;181300
1987-12-01;1991100;1376400;833700;542700;23778;14999;189961;NA;531700;305200;226500
1988-01-01;2052500;1350100;813000;537100;19100;19300;196400;NA;428900;236900;192000
1988-02-01;1911400;1276100;772900;503200;16400;22000;174100;NA;300600;104900;195700
1988-03-01;2109700;1334200;817400;516800;26600;18500;192500;NA;629600;322000;307600
1988-04-01;1904400;1392300;861900;530400;14600;15800;179300;NA;633400;182000;451400
1988-05-01;1920200;1349100;806300;542800;14200;21300;199800;NA;542200;336400;205800
1988-06-01;1993400;1224900;718500;506400;12400;19200;169200;NA;557900;291400;266500
1988-07-01;2103400;1351400;798500;552900;9100;31700;194000;NA;301200;101200;200000
1988-08-01;2178800;1406100;865000;541100;7400;21200;178800;NA;533200;330100;203100
1988-09-01;2195900;1356400;804500;551900;19200;15600;174600;NA;706200;399500;306700
1988-10-01;2244800;1420700;869600;551100;9400;22100;188100;NA;626000;348100;277900
1988-11-01;1904200;1207000;697400;509600;13400;21600;170000;NA;612500;402400;210100
1988-12-01;2138200;1408200;855200;553000;15300;15800;195400;NA;472900;227700;245200
1989-01-01;2141500;1371932,51770484;835075,742899705;536856,774805131;17700;21800;189100;NA;442100;247000;195100
1989-02-01;1996600;1336609,84661542;815425,042539166;521184,804076251;11900;16500;156300;NA;455200,278488975;266279,493260409;188920,785228566
1989-03-01;2121600;1302207,08626352;796236,755352453;505970,330911067;12700;14500;184700;NA;468688,743579373;285751,464792197;182937,278787176
1989-04-01;2069300;1268700;777500;491200;8200;19400;195000;NA;482576,897991356;305433,615797351;177143,282194005
1989-05-01;2004700;1324400;784100;540300;17600;13300;207600;NA;496876,585292946;325343,79200716;171532,793285786
1989-06-01;1975700;1355800;798800;557000;15800;14500;216900;NA;511600;345500;166100
1989-07-01;2101800;1384000;828500;555500;26400;8600;211600;NA;548400;307600;240800
1989-08-01;2220700;1397900;794400;603500;21600;21400;227000;NA;608200;348800;259400
1989-09-01;2136900;1418550;815400;603150;21100;32600;199900;NA;476500;256100;220400
1989-10-01;2155400;1439200;836400;602800;26500;21600;218000;NA;582100;247800;334300
1989-11-01;2045400;1412600;868500;544100;19000;19300;186100;NA;441100;199100;242000
1989-12-01;2085500;1423000;886400;536600;23300;13900;228600;NA;483400;259200;224200
1990-01-01;1963300;1339000;779500;559500;23600;11100;228300;NA;441400;215200;226200
1990-02-01;1727900;1193500;678100;515400;9200;12900;228900;NA;417500;168000;249500
1990-03-01;1892100;1323700;775300;548400;11400;15100;215100;NA;341300;85600;255700
1990-04-01;1467700;1051800;639900;411900;3700;3700;216600;NA;373800;163100;210700
1990-05-01;1540700;1105600;617300;488300;8800;6200;219900;NA;368100;163800;204300
1990-06-01;1515800;1242400;701300;541100;15400;8200;194500;NA;402900;187600;215300
1990-07-01;1627800;1178200;605800;572400;15100;10500;230000;NA;402300;194500;207800
1990-08-01;1550600;1258100;705700;552400;17300;14800;190300;NA;268200;64700;203500
1990-09-01;1804500;1311900;819100;492800;18500;13000;173700;NA;416600;213500;203100
1990-10-01;1904300;1353800;871400;482400;11800;13400;171800;NA;446600;276500;170100
1990-11-01;1732800;1197400;767100;430300;7700;5000;138100;NA;456100;291700;164400
1990-12-01;1839100;1191100;804700;386400;7100;4000;131100;NA;545400;342700;202700
1991-01-01;1845300;1187600;756200;431400;11100;3400;156400;NA;556600;349800;206800
1991-02-01;1694100;1062900;678400;384500;11200;3900;130000;NA;470300;323900;146400
1991-03-01;1914500;1127800;689000;438800;12100;8000;146700;NA;547100;335900;211200
1991-04-01;1870100;1175700;749400;426300;13100;8200;153400;NA;474300;299300;175000
1991-05-01;1930800;1351600;903700;447900;13700;13700;160700;NA;463200;291900;171300
1991-06-01;1705000;1265100;782700;482400;15800;7900;177400;NA;453900;271700;182200
1991-07-01;1866900;1274300;755000;519300;16600;12200;184200;NA;482300;306000;176300
1991-08-01;1990700;1328300;809800;518500;21900;9300;183100;NA;496900;328400;168500
1991-09-01;1996400;1369500;859000;510500;16100;15700;186200;NA;465800;308500;157300
1991-10-01;2033200;1352800;834200;518600;19600;12900;192100;NA;488400;333600;154800
1991-11-01;1945700;1251200;800300;450900;14500;13900;172100;NA;479000;306300;172700
1991-12-01;1825600;1196100;789600;406500;14400;8100;146400;NA;521900;330800;191100
1992-01-01;1925900;1300400;845000;455400;10800;11300;168100;NA;452800;274600;178200
1992-02-01;1877900;1222600;750400;472200;15000;8700;173500;NA;487600;318800;168800
1992-03-01;2036000;1302900;819300;483600;14600;10000;179400;NA;519500;335100;184400
1992-04-01;1949400;1279500;809900;469600;11600;15100;177700;NA;490000;300500;189500
1992-05-01;2059400;1405600;912200;493400;11800;13100;178100;NA;508800;313700;195100
1992-06-01;1950400;1325000;840200;484800;12500;10200;169400;NA;461100;264200;196900
1992-07-01;2024900;1376900;858200;518700;12000;10900;175100;NA;450500;261100;189400
1992-08-01;2079000;1399600;876400;523200;9900;15400;184200;NA;488500;304300;184200
1992-09-01;1928900;1335400;841500;493900;15700;15300;159500;NA;422800;260300;162500
1992-10-01;2009700;1329100;830600;498500;11300;12500;165600;NA;467800;298800;169000
1992-11-01;2032700;1286300;815700;470600;10500;12900;175300;NA;487500;309200;178300
1992-12-01;2021800;1312300;863500;448800;12200;8800;172600;NA;546100;340200;205900
1993-01-01;1999400;1259900;767400;492500;11700;9300;195100;NA;589300;393800;195500
1993-02-01;1875100;1170900;677300;493600;12600;11800;178400;NA;476100;296500;179600
1993-03-01;2005400;1375800;821900;553900;16000;10700;185600;NA;484400;300200;184200
1993-04-01;2080400;1327700;782900;544800;13000;15200;182000;NA;531600;337600;194000
1993-05-01;2151200;1419100;860000;559100;14600;13300;194500;NA;571300;371300;200000
1993-06-01;2142000;1461300;895100;566200;12800;16400;205600;NA;541400;352200;189200
1993-07-01;2193200;1508000;936600;571400;16200;12700;216400;NA;503500;318700;184800
1993-08-01;2216200;1440600;866600;574000;18000;17900;200600;NA;570300;363300;207000
1993-09-01;2142000;1401800;842700;559100;14400;16900;205300;NA;556900;346900;210000
1993-10-01;2185300;1413700;858400;555300;15700;20900;180400;NA;578800;346100;232700
1993-11-01;2130300;1371300;839600;531700;13400;15600;180000;NA;535600;331800;203800
1993-12-01;2082200;1365700;867300;498400;10800;13700;175400;NA;536300;342200;194100
1994-01-01;2134300;1251900;762900;489000;14600;16600;198000;NA;520300;347500;172800
1994-02-01;1963100;1254600;762800;491800;10500;11500;181400;NA;569000;345900;223100
1994-03-01;2171200;1476300;907100;569200;13200;17800;205000;NA;559440,287700408;336655,112734337;222699,280682059
1994-04-01;2147700;1392100;839800;552300;12000;17500;200000;NA;550041,187174543;327657,314050793;222299,281112983
1994-05-01;2252400;1464100;905500;558600;12500;17200;178300;NA;540800;318900;221900
1994-06-01;2220300;1450300;896700;553600;14584;15650;187370;NA;572200;356600;215600
1994-07-01;2240800;1474400;891500;582900;15400;18900;200700;NA;550700;357500;193200
1994-08-01;2095300;1495600;909900;585700;17920;16656;199772;NA;468600;319900;148700
1994-09-01;1999700;1487000;926600;560400;15400;16300;181500;NA;408100;321900;86200
1994-10-01;2158600;1504300;943100;561200;16000;17500;179900;NA;469700;351300;118400
1994-11-01;2118800;1449000;891400;557600;17064;19130;180432;NA;523300;327800;195500
1994-12-01;2219200;1482500;958900;523600;19545;16120;143759;NA;559700;386000;173700
1995-01-01;2136000;1423000;942200;480800;15395;19499;144279;NA;533900;361200;172700
1995-02-01;1921900;1231400;798000;433400;17257;17675;118238;NA;498500;324100;174400
1995-03-01;2193800;1463900;944700;519200;18771;19882;139267;NA;578200;404300;173900
1995-04-01;1912200;1367800;886900;480900;15498;20746;133040;NA;510400;337000;173400
1995-05-01;2046900;1325500;854900;470600;10100;8300;144000;NA;502700;341300;161400
1995-06-01;1986200;1298900;881700;417200;10600;11500;135500;NA;494900;349900;145000
1995-07-01;2225700;1402900;951700;451200;10300;9900;147700;NA;589300;439200;150100
1995-08-01;2294900;1388800;909100;479700;11300;9600;147300;NA;648700;457400;191400
1995-09-01;2079100;1290500;836600;453900;11200;12700;150900;NA;525300;368300;157000
1995-10-01;2156300;1336500;870500;466000;10600;15200;167000;NA;573500;384400;189100
1995-11-01;2016900;1262900;837100;425800;9700;15100;149600;NA;559800;360500;199300
1995-12-01;2028200;1261900;910900;351000;11600;17400;117100;NA;609300;419300;188000
1996-01-01;2050100;1347700;891200;456500;16900;5000;145100;NA;561000;344600;216400
1996-02-01;1960200;1313400;888000;425400;15600;4000;131200;NA;538600;338000;200600
1996-03-01;2042600;1360400;900000;460400;14600;4900;149000;NA;501600;308900;192700
1996-04-01;1888600;1305500;854600;450900;16200;5900;70300;NA;495800;315200;180600
1996-05-01;1950500;1311700;846800;464900;20100;5500;179500;NA;548000;368500;179500
1996-06-01;2062000;1305800;825100;480700;20400;6400;179700;NA;510800;371800;139000
1996-07-01;2229500;1468300;952500;515800;22500;5000;196300;NA;530900;362300;168600
1996-08-01;2230100;1454900;946700;508200;19300;7500;178900;NA;553400;379400;174000
1996-09-01;2181800;1476600;964400;512200;16400;6000;185400;NA;552900;377700;175200
1996-10-01;2238800;1527000;1010800;516200;21400;5400;193000;NA;626600;434700;191900
1996-11-01;2194500;1397100;949700;447400;20500;6900;157400;NA;557200;382600;174600
1996-12-01;2182300;1458200;1000200;458000;20200;4100;164900;NA;554500;377100;177400
1997-01-01;2047900;1389700;935300;454400;17900;8700;176300;NA;538900;389500;149400
1997-02-01;2015400;1318200;846900;471300;19700;8200;181300;NA;519600;351800;167800
1997-03-01;2217200;1451300;936300;515000;18600;7400;193900;NA;538300;329800;208500
1997-04-01;2191700;1432700;922500;510200;20800;5800;192800;NA;513200;363000;150200
1997-05-01;2240600;1547000;1013400;533600;20100;5300;207800;NA;548600;339000;209600
1997-06-01;2261500;1497800;991900;505900;21600;7200;193100;NA;590200;380600;209600
1997-07-01;2252100;1510000;993200;516800;24600;4900;210600;NA;591500;378400;213100
1997-08-01;2267800;1495800;968100;527700;21600;8000;198500;NA;612900;419200;193700
1997-09-01;2227500;1508350;959800;548550;20500;13300;197000;NA;585300;390550;194750
1997-10-01;2140900;1506800;937400;569400;23100;13300;212800;NA;557700;361900;195800
1997-11-01;2088300;1369200;842900;526300;27400;9500;195900;NA;572500;393100;179400
1997-12-01;2200200;1389800;919500;470300;21900;9000;192800;NA;565900;391000;174900
1998-01-01;2156700;1305600;855200;450400;18400;13100;181800;NA;550100;393000;157000
1998-02-01;1992300;1271600;811900;459700;24100;10400;171300;NA;509900;377600;132300
1998-03-01;2158900;1466800;936700;530100;26900;14700;210000;NA;579000;430900;148100
1998-04-01;2138700;1411700;876400;535300;20200;19400;204900;NA;559700;417400;142300
1998-05-01;2258900;1508800;958200;550600;24900;13700;218000;NA;552300;385900;166400
1998-06-01;2181100;1512400;995700;516700;19500;12200;204900;NA;549100;399400;149700
1998-07-01;2378000;1523600;995900;527700;27500;12200;209300;NA;634100;446800;187300
1998-08-01;2349200;1465400;930800;534600;20400;11100;213600;NA;610400;439500;170900
1998-09-01;2122400;1441500;910100;531400;28900;9700;193800;NA;546200;379700;166500
1998-10-01;2131000;1307400;799300;508100;25800;14600;202000;NA;601700;443600;158100
1998-11-01;1995100;1146300;673200;473100;23600;10500;191300;NA;608600;436600;172000
1998-12-01;1890000;1044000;642500;401500;23000;15300;163600;NA;554700;406700;148000
1999-01-01;2026600;1123700;718800;404900;22400;13300;163200;NA;597800;446000;151800
1999-02-01;1888800;1234500;738800;495700;24100;15500;188400;NA;527300;404500;122800
1999-03-01;2129600;1438900;836900;602000;24300;20200;225600;NA;596000;454700;141300
1999-04-01;2123000;1409200;856200;553000;27400;17600;217100;NA;580100;446200;133900
1999-05-01;2176600;1457800;886400;571400;26900;21100;220000;NA;581700;433300;148400
1999-06-01;2046700;1448100;875300;572800;25300;21700;188500;NA;593100;426700;166400
1999-07-01;2039200;1538200;914700;623500;28600;22400;238000;NA;542600;391500;151100
1999-08-01;2136900;1498700;898100;600600;25800;20300;223500;NA;644100;475000;169100
1999-09-01;2088700;1460700;849600;611100;30900;24200;240600;NA;628200;470100;158100
1999-10-01;2036800;1422700;830200;592500;25200;18800;215500;NA;582300;425200;157100
1999-11-01;2143800;1387000;864400;522600;25900;17500;177400;NA;584700;435000;149700
1999-12-01;2121700;1326100;853800;472300;20600;11300;171400;NA;718600;612800;105800
2000-01-01;2187200;1280000;745500;534500;26600;19100;174500;NA;643800;523900;119900
2000-02-01;2157700;1438800;878500;560300;24500;22000;201000;NA;605000;475300;129700
2000-03-01;2349600;1500500;920000;580500;28700;17300;187700;NA;623400;494700;128700
2000-04-01;2201500;1491200;915300;575900;23700;14900;196500;NA;514300;386100;128200
2000-05-01;2447700;1598700;971500;627200;25100;19900;215200;NA;652900;492800;160100
2000-06-01;2294600;1577300;982200;595100;20700;20900;190100;NA;614700;470600;144100
2000-07-01;2284900;1606700;1014600;592100;24200;26000;213500;NA;527100;360600;166500
2000-08-01;2439500;1609100;990500;618600;27500;26300;202300;NA;629200;439100;190100
2000-09-01;2378300;1599900;981400;618500;20800;28600;213400;NA;690200;470400;219800
2000-10-01;2397700;1581900;977100;604800;25200;19100;216700;NA;655100;448200;206900
2000-11-01;2310200;1514500;958100;556400;20000;26100;183400;NA;660800;468700;192100
2000-12-01;2398300;1407700;878100;529600;31400;17000;198800;NA;735900;531900;204000
2001-01-01;2394100;1497300;893200;604100;32300;19400;213500;NA;622100;472200;149900
2001-02-01;2240300;1438200;845000;593200;30600;20600;215100;NA;574500;420600;153900
2001-03-01;2473900;1662400;1003400;659000;45600;24600;211800;NA;620800;457700;163100
2001-04-01;2315200;1587000;945700;641300;39000;23800;212200;NA;566200;426400;139800
2001-05-01;2282800;1664500;995100;669400;30600;21600;235400;NA;638200;453000;185200
2001-06-01;1772800;1480100;881800;598300;32400;25600;216000;NA;432000;384800;47200
2001-07-01;1881600;1456600;834100;622500;NA;NA;NA;NA;500700;437900;62800
2001-08-01;2194400;1452600;801400;651200;NA;NA;NA;NA;630000;470600;159400
2001-09-01;2299100;1513500;863300;650200;NA;NA;NA;NA;681400;512400;169000
2001-10-01;2278800;1514900;892000;622900;NA;NA;NA;NA;758100;577000;181100
2001-11-01;2222600;1420200;847200;573000;NA;NA;NA;NA;808000;644700;163300
2001-12-01;2361400;1361900;850800;511100;NA;NA;NA;NA;820300;609200;211100
2002-01-01;2382400;1484600;911800;572800;NA;NA;NA;NA;793100;605300;187800
2002-02-01;2259800;1408600;850500;558100;NA;NA;NA;NA;678200;506100;172100
2002-03-01;2409200;1539000;920000;619000;NA;NA;NA;NA;715800;551600;164200
2002-04-01;2215300;1488300;882900;605400;NA;NA;NA;NA;577900;538800;39100
2002-05-01;2450100;1580400;944700;635700;NA;NA;NA;NA;740900;613900;127000
2002-06-01;2420200;1524000;892600;631400;NA;NA;NA;NA;720300;551500;168800
2002-07-01;2498300;1571300;917700;653600;NA;NA;NA;NA;725700;557000;168700
2002-08-01;2580400;1673600;989700;683900;NA;NA;NA;NA;745900;560600;185300
2002-09-01;2579000;1680800;1001900;678900;NA;NA;NA;NA;787000;597800;189200
2002-10-01;2644800;1744400;1048500;695900;NA;NA;NA;NA;748600;574800;173800
2002-11-01;2575600;1649700;979500;670200;NA;NA;NA;NA;791500;616100;175400
2002-12-01;2588500;1712100;1076100;636000;NA;NA;NA;NA;769200;575300;193900
2003-01-01;2539600;1693900;1041600;652300;NA;NA;NA;NA;686700;517900;168800
2003-02-01;2356400;1525200;942900;582300;NA;NA;NA;NA;735500;538400;197100
2003-03-01;2640900;1768800;1101000;667800;NA;NA;NA;NA;769700;544500;225200
2003-04-01;2522200;1723100;1094100;629000;NA;NA;NA;NA;687300;452700;234600
2003-05-01;2671700;1786200;1117000;669200;NA;NA;NA;NA;725300;511600;213700
2003-06-01;2591000;1746100;1106600;639500;NA;NA;NA;NA;739300;519900;219400
2003-07-01;2685900;1746800;1108000;638800;NA;NA;NA;NA;722200;470700;251500
2003-08-01;2776000;1810400;1132700;677700;NA;NA;NA;NA;662900;430400;232500
2003-09-01;2599300;1860600;1160400;700200;NA;NA;NA;NA;673100;442000;231100
2003-10-01;2512600;1872700;1151700;721000;NA;NA;NA;NA;519600;282200;237400
2003-11-01;2595300;1786600;1099900;686700;NA;NA;NA;NA;644000;436000;208000
2003-12-01;2657300;1783500;1161700;621800;NA;NA;NA;NA;796700;547100;249600
2004-01-01;2677000;1836500;1165100;671400;NA;NA;NA;NA;518900;330000;188900
2004-02-01;2572700;1819200;1144400;674800;NA;NA;NA;NA;583600;380800;202800
2004-03-01;2742900;2011500;1266500;745000;NA;NA;NA;NA;568400;381000;187400
2004-04-01;2667100;1817200;1121600;695600;NA;NA;NA;NA;615400;401800;213600
2004-05-01;2745500;1997500;1247900;749600;NA;NA;NA;NA;637400;419600;217800
2004-06-01;2749200;1878000;1132000;746000;NA;NA;NA;NA;611400;417500;193900
2004-07-01;2835500;1968700;1167200;801500;NA;NA;NA;NA;607000;436900;170100
2004-08-01;2890300;1999300;1192700;806600;NA;NA;NA;NA;669800;469400;200400
2004-09-01;2801200;2010900;1213800;797100;NA;NA;NA;NA;552200;382600;169600
2004-10-01;2705800;2083100;1255400;827700;NA;NA;NA;NA;512900;322800;190100
2004-11-01;2757300;1982000;1252700;729300;NA;NA;NA;NA;643100;397600;245500
2004-12-01;2787800;1938500;1282200;656300;NA;NA;NA;NA;660200;389800;270400
2005-01-01;2588300;1826100;1149400;676700;NA;NA;NA;NA;506600;286400;220200
2005-02-01;2590200;1833000;1151100;681900;NA;NA;NA;NA;507600;330800;176800
2005-03-01;2759900;1996200;1252700;743500;NA;NA;NA;NA;618000;374400;243600
2005-04-01;2757000;1964700;1218300;746400;NA;NA;NA;NA;591000;321100;269900
2005-05-01;2741900;1738200;1109800;628400;NA;NA;NA;NA;713900;448700;265200
2005-06-01;2489400;1743200;1065600;677600;NA;NA;NA;NA;540300;343800;196500
2005-07-01;2489800;1788100;1134100;654000;NA;NA;NA;NA;406400;261000;145400
2005-08-01;2638900;1962200;1255300;706900;NA;NA;NA;NA;555600;354400;201200
2005-09-01;2588600;1886600;1174900;711700;NA;NA;NA;NA;514400;332700;181700
2005-10-01;2675600;1998400;1251200;747200;NA;NA;NA;NA;604100;422000;182100
2005-11-01;2636700;1949100;1209500;739600;NA;NA;NA;NA;513300;360600;152700
2005-12-01;2656100;1905200;1228000;677200;NA;NA;NA;NA;551900;344800;207100
2006-01-01;2576800;1960700;1234500;726200;NA;NA;NA;NA;495000;319200;175800
2006-02-01;2130700;1616800;913300;703500;NA;NA;NA;NA;483300;331400;151900
2006-03-01;2478700;1856100;1074500;781600;NA;NA;NA;NA;542700;378200;164500
2006-04-01;2416300;1868800;1133100;735700;NA;NA;NA;NA;515700;301100;214600
2006-05-01;2496100;1923000;1149100;773900;NA;NA;NA;NA;520500;315900;204600
2006-06-01;2380300;1933500;1193300;740200;NA;NA;NA;NA;466500;267900;198600
2006-07-01;2723900;2117000;1306300;810700;NA;NA;NA;NA;520900;346900;174000
2006-08-01;2812100;2133200;1311200;822000;NA;NA;NA;NA;613200;404000;209200
2006-09-01;2757100;2097400;1328200;769200;NA;NA;NA;NA;570600;394800;175800
2006-10-01;2777900;2114800;1316300;798500;NA;NA;NA;NA;559700;325900;233800
2006-11-01;2704500;1976900;1232900;744000;NA;NA;NA;NA;551700;334300;217400
2006-12-01;2646400;1905500;1228000;677500;NA;NA;NA;NA;551900;344800;207100
2007-01-01;2703300;2038300;1291500;746800;NA;NA;NA;NA;427400;293600;133800
2007-02-01;2506700;1878700;1163900;714800;NA;NA;NA;NA;459100;263500;195600
2007-03-01;2785000;2178300;1368900;809400;NA;NA;NA;NA;471700;324800;146900
2007-04-01;2707800;2095300;1301500;793800;NA;NA;NA;NA;437400;278700;158700
2007-05-01;2891100;2189200;1325700;863500;NA;NA;NA;NA;542300;336900;205400
2007-06-01;2732600;2180000;1329400;850600;NA;NA;NA;NA;405900;261300;144600
2007-07-01;2868600;2206400;1335700;870700;NA;NA;NA;NA;458900;287400;171500
2007-08-01;2939600;2183300;1269800;913500;NA;NA;NA;NA;489800;342500;147300
2007-09-01;2867800;2154700;1278500;876200;NA;NA;NA;NA;468300;320500;147800
2007-10-01;2898800;2167461,98569177;1303635,910883;863826,074808766;NA;NA;NA;NA;509192,035773383;350392,052379369;158766,222747861
2007-11-01;2871000;2180892,90300773;1329266,0055876;851626,897420132;NA;NA;NA;NA;553654,771076324;383072,044838147;170546,099361457
2007-12-01;3010100;2195000;1355400;839600;NA;NA;NA;NA;602000;418800;183200
2008-01-01;2971000;2250500;1360000;890500;NA;NA;NA;NA;542400;398900;143500
2008-02-01;2709600;2035000;1185500;849500;NA;NA;NA;NA;458600;332800;125800
2008-03-01;2960000;2212600;1316300;896300;NA;NA;NA;NA;557400;366100;191300
2008-04-01;2900400;2200300;1269000;931300;NA;NA;NA;NA;565600;394000;171600
2008-05-01;2972300;2188800;1255000;933800;NA;NA;NA;NA;548600;363900;184700
2008-06-01;2933800;2104000;1211500;892500;NA;NA;NA;NA;606000;413300;192700
2008-07-01;3227700;2245600;1268800;976800;NA;NA;NA;NA;663500;475800;187700
2008-08-01;3141900;2263700;1275800;987900;NA;NA;NA;NA;702900;555800;147100
2008-09-01;3013900;2140100;1173400;966700;NA;NA;NA;NA;546400;409000;137400
2008-10-01;2897300;2342400;1334900;1007500;NA;NA;NA;NA;447600;335100;112500
2008-11-01;2323600;1725900;1020500;705400;NA;NA;NA;NA;295300;238500;56800
2008-12-01;1649400;928600;606500;322100;NA;NA;NA;NA;159100;123500;35600
2009-01-01;1616400;1021600;509600;512000;NA;NA;NA;NA;315700;247100;68600
2009-02-01;1653800;1133100;622000;511100;NA;NA;NA;1322000;392400;313000;79400
2009-03-01;1731000;1314700;754700;560000;NA;NA;NA;1380400;303500;187600;115900
2009-04-01;1728500;1468700;842700;626000;NA;NA;NA;1319700;361000;231900;129100
2009-05-01;1894000;1613900;913900;700000;NA;NA;NA;1417900;362900;271000;91900
2009-06-01;1941600;1663800;947800;716000;NA;NA;NA;1478600;511100;367100;144000
2009-07-01;2495900;1901900;1154900;747000;NA;NA;NA;1995200;494400;345600;148800
2009-08-01;2676400;1989500;1186500;803000;NA;NA;NA;2087100;657400;509100;148300
2009-09-01;2716900;1958400;1185500;772900;NA;NA;NA;2116300;635500;476500;159000
2009-10-01;2797000;2155000;1259000;896000;NA;NA;NA;2146900;523900;409500;114400
2009-11-01;2675500;1996500;1169500;827000;NA;NA;NA;2100900;425100;329600;95500
2009-12-01;2579500;2005800;1305800;700000;NA;NA;NA;2165400;478300;401100;77200
2010-01-01;2693000;2085300;1285100;800200;NA;NA;NA;2618500;487000;378700;107300
2010-02-01;2445700;1963500;1150000;813500;NA;NA;NA;2450700;341000;258200;92400
2010-03-01;2828500;2240700;1358000;882700;NA;NA;NA;2742900;506200;406200;100000
2010-04-01;2707400;2181600;1295000;886600;NA;NA;NA;2568800;482000;409800;89600
2010-05-01;2856000;2296700;1374000;922700;NA;NA;NA;2584700;484700;400800;83900
2010-06-01;2850000;2334400;1413800;920600;NA;NA;NA;2691800;449200;361700;87500
2010-07-01;2876000;2417000;1430000;987000;NA;NA;NA;2680600;416400;339600;76800
2010-08-01;2920000;2032900;1182000;850900;NA;NA;NA;2654800;512000;404300;108400
2010-09-01;2710000;1988600;1173000;815600;NA;NA;NA;2694600;605000;495800;110200
2010-10-01;2972000;2155400;1251000;904400;NA;NA;NA;2772500;608000;462200;146600
2010-11-01;2642700;1989600;1159800;829800;NA;NA;NA;2069600;640800;500300;140500
2010-12-01;2427300;1720700;1091100;629600;NA;NA;NA;2014900;637700;455300;182400
2011-01-01;2763900;1974800;1166800;808000;NA;NA;NA;2167800;502000;377200;124800
2011-02-01;2687100;2045700;1176800;868900;NA;NA;NA;2147000;531000;450300;80100
2011-03-01;3037900;2287200;1319100;968100;NA;NA;NA;2358900;678900;579800;99100
2011-04-01;3029000;2192000;1299000;893000;NA;NA;NA;2805300;701000;599600;102500
2011-05-01;3268600;2268400;1289000;979400;NA;NA;NA;3074200;733000;624900;115400
2011-06-01;3003800;2152700;1186400;966300;NA;NA;NA;2761500;643100;554900;88200
2011-07-01;3128800;2044500;1081700;962800;NA;NA;NA;2435900;865100;762100;103000
2011-08-01;3026200;2184600;1260800;923800;NA;NA;NA;2346800;681200;573600;107600
2011-09-01;2859200;2091500;1150800;940700;NA;NA;NA;2172600;652800;555900;96900
2011-10-01;2927900;2141000;1135200;1005800;NA;NA;NA;2219600;710900;598400;112500
2011-11-01;2776500;1978500;1076900;901600;NA;NA;NA;2170200;642900;511600;131300
2011-12-01;2674300;1877200;1121600;755600;NA;NA;NA;2254900;696100;565000;131100
2012-01-01;2790000;1971200;1103000;868200;NA;NA;NA;2186500;659600;556300;103300
2012-02-01;2802000;2081900;1200000;881900;NA;NA;NA;2143100;570800;464300;106500
2012-03-01;3132000;2249500;1307200;942300;NA;NA;NA;2426900;722100;602700;119400
2012-04-01;3012800;2150200;1211200;939000;NA;NA;NA;2327200;721100;635200;85900
2012-05-01;2856200;2212700;1273400;939300;NA;NA;NA;2192700;584400;479500;104900
2012-06-01;2756500;2148800;1229900;918900;NA;NA;NA;2129300;553700;476800;76900
2012-07-01;2993400;2212900;1253500;959400;NA;NA;NA;2286800;559400;487800;71600
2012-08-01;2871300;2233800;1260000;973800;NA;NA;NA;2199100;494800;420000;74800
2012-09-01;2864000;2134400;1217400;917000;NA;NA;NA;2204100;468100;412500;55600
2012-10-01;3107000;2240000;1306400;933600;NA;NA;NA;2405700;616700;512500;104200
2012-11-01;2785900;2146800;1294400;852400;NA;NA;NA;2123700;591000;472600;118400
2012-12-01;2551900;1912400;1239400;673000;NA;NA;NA;2259600;596300;492200;104100
2013-01-01;2769437;2051441;1202482;848959;NA;NA;NA;2178041;470371;394660;75711
2013-02-01;2574894;1942836;1144078;798758;NA;NA;NA;1999501;480793;417568;63225
2013-03-01;2858521;2194384;1261646;932738;NA;NA;NA;2157547;550726;435452;115274
2013-04-01;2913622;2211587;1233065;978522;NA;NA;NA;2239881;459709;386750;72959
2013-05-01;2999775;2354716;1311414;1043302;NA;NA;NA;2240067;442191;346131;96060
2013-06-01;2836535;2284417;1285362;999055;NA;NA;NA;2123028;330286;266185;64101
2013-07-01;2918241;2252236;1251395;1000841;NA;NA;NA;2213095;478819;367807;111012
2013-08-01;2976770;2257548;1270671;986877;NA;NA;NA;2308400;500976;395244;105732
2013-09-01;2981309;2181567;1229652;951915;NA;NA;NA;2244132;514021;423621;90400
2013-10-01;2980320;2309355;1321820;987535;NA;NA;NA;2247802;457783;387633;70150
2013-11-01;2727159;2199432;1218682;980750;NA;NA;NA;2055209;448420;376777;71643
2013-12-01;2625874;2023608;1283216;740392;NA;NA;NA;2193517;498730;416160;82570
2014-01-01;2763104;2026777;1140996;885781;NA;NA;NA;2102952;387886;365396;22490
2014-02-01;2621952;1998324;1100992;897332;NA;NA;NA;1949064;442174;383793;58381
2014-03-01;2979472;2279064;1276136;1002928;NA;NA;NA;2238002;457373;430706;26667
2014-04-01;2773487;2210691;1269228;941463;NA;NA;NA;2076291;442417;425209;17208
2014-05-01;2891691;2087139;1124949;962190;NA;NA;NA;2181888;524344;482619;41725
2014-06-01;2718474;1972757;1134225;838532;NA;NA;NA;2203266;644942;562467;82475
2014-07-01;2969407;2100286;1208822;891464;NA;NA;NA;2357120;612653;575862;36791
2014-08-01;2963390;2099596;1201187;898409;NA;NA;NA;2441311;692870;649126;43744
2014-09-01;2874880;2166998;1252248;914750;NA;NA;NA;2418174;667707;638580;29127
2014-10-01;3052400;2192785;1247300;945485;NA;NA;NA;2434747;747263;710636;36627
2014-11-01;2666147;2041720;1157948;883772;NA;NA;NA;2162414;628111;581743;46368
2014-12-01;2622630;1729218;1114696;614522;NA;NA;NA;2451077;755085;702134;52951
2015-01-01;2995593;2007832;1225941;781891;NA;NA;NA;2500763;537000;477325;59258
2015-02-01;2666853;1997281;1131115;866166;NA;NA;NA;2172337;582000;510870;71395
2015-03-01;2768357;2160704;1289701;871003;NA;NA;NA;2278778;511000;455843;55643
2015-04-01;2897342;2049095;1182665;866430;NA;NA;NA;2372167;657000;556547;100262
2015-05-01;2983106;1909180;1067229;841951;NA;NA;NA;2452680;849000;765073;83956
2015-06-01;2776468;1849641;1140268;709373;NA;NA;NA;2343848;861000;717855;142682
2015-07-01;2876648;1925129;1135752;789377;NA;NA;NA;2378113;903000;752958;150579
2015-08-01;2798697;1846621;1022541;824080;NA;NA;NA;2365971;901000;798391;102276
2015-09-01;2500816;1672381;1003582;668799;NA;NA;NA;2212049;813000;737379;75607
2015-10-01;2982512;1888953;1056732;832221;NA;NA;NA;2445078;812000;768408;43602
2015-11-01;2547996;1844001;1059199;784802;NA;NA;NA;2170263;822000;705174;117352
2015-12-01;2463199;1520279;1073604;446675;NA;NA;NA;2292573;869000;736584;132400
2016-01-01;2515700;1629177;948866;680311;NA;NA;NA;2123330;708000;556483;151050
2016-02-01;2453030;1715426;973514;741912;NA;NA;NA;1936566;616000;471859;144067
2016-03-01;2529206;1770338;1009634;760704;NA;NA;NA;2097748;767000;637764;129313
2016-04-01;2321756;1650104;855866;794238;NA;NA;NA;1854489;679000;573340;105580
2016-05-01;2612378;1744087;916127;827960;NA;NA;NA;2115000;805000;713708;91638
2016-06-01;2576690;1789824;969087;820737;NA;NA;NA;2149622;706000;578230;128085
2016-07-01;2841267;1929252;1111316;817936;NA;NA;NA;2361876;777000;676834;100201
2016-08-01;2960970;1902541;1072652;829889;NA;NA;NA;2391591;926000;821081;104617
2016-09-01;2788269;1827894;1088556;739338;NA;NA;NA;2296826;803000;717527;85784
2016-10-01;2966380;1953035;1191252;761783;NA;NA;NA;2482535;825000;708990;115816
2016-11-01;2672537;1793637;1110676;682961;NA;NA;NA;2320969;732000;589330;142729
2016-12-01;2404204;1415476;1025699;389777;NA;NA;NA;2214319;1090000;849440;240660
2017-01-01;2868134;1798843;1056034;742809;NA;NA;NA;2293366;781000;705100;75188
2017-02-01;2611526;1722313;1028093;694220;NA;NA;NA;2073460;698000;592944;105224
2017-03-01;2887216;1962526;1192650;769876;NA;NA;NA;2375179;849000;707785;141019
2017-04-01;2927012;1905871;1156664;749207;NA;NA;NA;2409201;853000;713882;138980
2017-05-01;2952183;1836383;1102847;733536;NA;NA;NA;2497984;740000;678988;61134
2017-06-01;2673045;1820008;1083197;736811;NA;NA;NA;2285293;766000;639075;127366
2017-07-01;2852292;1872955;1134952;738003;NA;NA;NA;2337139;728000;647034;80962
2017-08-01;2981321;1963148;1209019;754129;NA;NA;NA;2461266;872000;757221;115155
2017-09-01;2986492;1881495;1144382;737113;NA;NA;NA;2441650;898000;788893;109363
2017-10-01;3095382;2125586;1282848;842738;NA;NA;NA;2494033;964000;799858;164408
2017-11-01;3075159;2009385;1201864;807521;NA;NA;NA;2470478;837000;742096;95082
2017-12-01;2867874;1791687;1094607;697080;NA;NA;NA;2432557;994000;845970;147566
2018-01-01;2913796;1922323;1158266;764057;NA;NA;NA;2375799;815000;684172;130394
2018-02-01;2765939;1861356;1087979;773377;NA;NA;NA;2176177;714000;600494;113329
2018-03-01;3113184;2129796;1264963;864833;NA;NA;NA;2448406;847000;734387;112688
2018-04-01;2994530;2038392;1221747;816645;NA;NA;NA;2361357;781000;682200;98705
2018-05-01;2724472;2026739;1291278;735461;NA;NA;NA;2246431;798000;719444;78553
2018-06-01;2969824;1918374;1134386;783988;NA;NA;NA;2379624;804000;738355;66053
2018-07-01;3086315;1947124;1143202;803922;NA;NA;NA;2483175;921000;846450;74839
2018-08-01;2914206;1906043;1087031;819012;NA;NA;NA;2360514;894000;803256;91137
2018-09-01;3080824;2106905;1292661;814244;NA;NA;NA;2535170;770000;675592;94354
2018-10-01;3223519;2128201;1267632;860569;NA;NA;NA;2560752;905000;825845;79232
2018-11-01;2911253;2053580;1232555;821025;NA;NA;NA;2350187;773000;692651;79802
2018-12-01;2708686;1656851;1075054;581797;NA;NA;NA;2440958;895000;758217;136547
2019-01-01;3020806;1906685;1105847;800838;NA;NA;NA;2451106;737094;646051;91043
2019-02-01;2746747;1865086;1029166;835920;NA;NA;NA;2200532;702625;632475;70150
2019-03-01;2877683;2060097;1240485;819612;NA;NA;NA;2355977;832430;732789;99641
2019-04-01;2970006;1941502;1163309;778193;NA;NA;NA;2382641;787013;711425;75588
2019-05-01;2826295;2010469;1212235;798234;NA;NA;NA;2295396;650597;592036;58561
2019-06-01;2882544;1801014;1061634;739380;NA;NA;NA;2277060;846607;737378;109229
2019-07-01;2504754;1894312;1163343;730969;NA;NA;NA;1879477;709405;605553;103852
2019-08-01;2536573;1895443;1087796;807647;NA;NA;NA;1926313;604466;522745;81721
2019-09-01;2394487;1969295;1166646;802649;NA;NA;NA;1906233;670175;561404;108771
2019-10-01;2690470;1886739;1058362;828377;NA;NA;NA;2193394;619138;551690;67448
2019-11-01;2656803;1774398;1015708;758690;NA;NA;NA;2179277;784755;712789;71966
2019-12-01;2461766;1482443;941227;541216;NA;NA;NA;2232930;872904;723300;149604
2020-01-01;2740451;2042982;1225067;817915;NA;NA;NA;2184244;605023;582510;22513
2020-02-01;2772437;1898458;1092903;805555;NA;NA;NA;2171414;711641;689522;22119
2020-03-01;2722125;1902559;1081677;820882;NA;NA;NA;2095206;749038;690403;58635
2020-04-01;1929293;1278480;833669;444811;NA;NA;NA;1763846;599426;570774;28652
2020-05-01;2255698;1432067;753579;678488;NA;NA;NA;1723938;629674;606988;22686
2020-06-01;2148399;1549992;879430;670562;NA;NA;NA;1687461;712593;606447;106146
2020-07-01;2626427;1656616;828746;827870;NA;NA;NA;2004033;774854;701892;72962
2020-08-01;2759058;1846360;997552;848808;NA;NA;NA;2138598;627664;581795;45869
2020-09-01;2645379;1972024;1096683;875341;NA;NA;NA;2003657;456267;412477;43790
2020-10-01;2853744;2176778;1257043;919735;NA;NA;NA;2168476;658083;592275;65808
2020-11-01;3017509;1955506;1072750;882756;NA;NA;NA;2347576;709427;691755;17672
2020-12-01;2944336;2095458;1236552;858906;NA;NA;NA;2355480;616163;572893;43270
2021-01-01;3022874;2145117;1261494;883623;NA;NA;NA;2431003;621826;597354;24472
2021-02-01;2867058;2064048;1210624;853424;NA;NA;NA;2251568;558002;538740;19262
2021-03-01;2801841;2082349;1196688;885661;NA;NA;NA;2179484;699464;669159;30305
2021-04-01;3037100;2225375;1308472;916903;NA;NA;NA;2322745;640201;585053;55148
2021-05-01;3125149;2413377;1427807;985570;NA;NA;NA;2415616;797175;750017;47158
2021-06-01;3068510;2229776;1295967;933809;NA;NA;NA;2383874;802287;727054;75233
2021-07-01;3091223;2263640;1303499;960141;NA;NA;NA;2470382;682681;612477;70204
2021-08-01;3203383;2303741;1329501;974240;NA;NA;NA;2538154;748142;696604;51538
2021-09-01;3107897;2171131;1299139;871992;NA;NA;NA;2483770;695066;636620;58446
2021-10-01;2968449;2160900;1234900;926000;NA;NA;NA;2281869;676971;596275;80696
2021-11-01;3133901;1938687;1106710;831977;NA;NA;NA;2413162;871418;796275;75143
2021-12-01;2643682;1756633;1174693;581940;NA;NA;NA;2338453;867706;764693;103013
2022-01-01;2937003;2016547;1219330;797217;NA;NA;NA;2309389;796741;738747;57994
2022-02-01;2721969;1878169;1086303;791866;NA;NA;NA;2105566;609866;535777;74089
2022-03-01;3000046;2132596;1222706;909890;NA;NA;NA;2282074;682852;571580;111272
2022-04-01;2946670;2012479;1161401;851078;NA;NA;NA;2335645;809502;727058;82444
2022-05-01;2985381;1995151;1106673;888478;NA;NA;NA;2269757;619403;511484;107919
2022-06-01;2933027;1936794;1107579;829215;NA;NA;NA;2296736;758645;687738;70907
2022-07-01;2845561;2147631;1215735;931896;NA;NA;NA;2173982;510034;484265;25769
2022-08-01;2889893;2110927;1223357;887570;NA;NA;NA;2234425;577883;538738;39145
2022-09-01;2786556;1860389;1079429;780960;NA;NA;NA;2174346;675298;632235;43063
2022-10-01;2907374;2008772;1146835;861937;NA;NA;NA;2293918;677810;631173;46637
2022-11-01;2636321;1910813;1116390;794423;NA;NA;NA;2114857;604655;559748;44907
2022-12-01;2499694;1423767;947098;476669;NA;NA;NA;2222621;752550;709109;43441
2023-01-01;2728997;1837123;1070645;766478;NA;NA;NA;2212518;860714;778402;82312
2023-02-01;2468969;1769962;991941;778021;NA;NA;NA;2015438;785039;751964;33075
2023-03-01;2722240;1874099;1018114;855985;NA;NA;NA;2155534;630235;572046;58189
2023-04-01;2768181;1921124;1056679;864445;NA;NA;NA;2149724;774991;725978;49013
2023-05-01;2789967;1895671;1081573;814098;NA;NA;NA;2199877;939561;879718;59843
2023-06-01;2571168;1621779;888597;733182;NA;NA;NA;2049716;954870;909827;45043
2023-07-01;2737343;1925452;1125298;800154;NA;NA;NA;2167393;716324;682576;33748
2023-08-01;2760886;1881516;1117254;764262;NA;NA;NA;2123295;824627;760778;63849
2023-09-01;2585646;1832501;1117206;715295;NA;NA;NA;2156705;675170;636505;38665
2023-10-01;2645469;1823862;981793;842069;NA;NA;NA;2082951;851433;784682;66751
2023-11-01;2722332;1814418;1060687;753731;NA;NA;NA;2210101;798839;717703;81136
2023-12-01;2528977;1653117;1085923;567194;NA;NA;NA;2195358;826671;767512;59159
2024-01-01;2732632;2012813;1202760;810053;NA;NA;NA;2120827;720607;646157;74450
2024-02-01;2775033;1872171;1068085;804086;NA;NA;NA;2116854;759028;708214;50814
2024-03-01;2773146;1967860;1123282;844578;NA;NA;NA;2235060;777358;697975;79383
2024-04-01;2711574;1942408;1108884;833524;NA;NA;NA;2075679;579031;540854;38177
2024-05-01;2576464;1896328;1102304;794024;NA;NA;NA;2089617;697379;667300;30079
2024-06-01;2850480;1884487;1086826;797661;NA;NA;NA;2251583;841858;787753;54105
2024-07-01;3100107;2160762;1250380;910382;NA;NA;NA;2375872;893820;839712;54108
2024-08-01;3005301;2100890;1184386;916504;NA;NA;NA;2302415;805435;751104;54331
2024-09-01;2894263;2072806;1188127;884679;NA;NA;NA;2221290;794274;706466;87808
2024-10-01;3070396;2127079;1195055;932024;NA;NA;NA;2331065;751671;706452;45219
2024-11-01;2781430;1952260;1022891;929369;NA;NA;NA;2158243;836171;785899;50272
2024-12-01;2609369;1702258;1048780;653478;NA;NA;NA;2229691;791635;709970;81665
2025-01-01;2769952;1953364;1135293;818071;NA;NA;NA;2194741;643390;608885;34505
2025-02-01;2675986;1844726;1038395;806331;NA;NA;NA;2053654;619545;552968;66577
2025-03-01;2881835;2042231;1148143;894088;NA;NA;NA;2242850;807999;750472;57527
2025-04-01;2644864;2012514;1168752;843762;NA;NA;NA;2078591;509280;487380;21900
2025-05-01;2705611;2015341;1191469;823872;NA;NA;NA;2121155;684887;645290;39597
2025-06-01;2833962;1990566;1156325;834241;NA;NA;NA;2239382;729900;693118;36782
2025-07-01;2802571;1988054;1152961;835093;NA;NA;NA;2188539;727038;689352;37686
2025-08-01;2870446;1979622;1121444;858178;NA;NA;NA;2220661;661443;591183;70260
2025-09-01;2814361;1971489;1136821;834668;NA;NA;NA;2172171;779733;706730;73003
2025-10-01;3001655;2025246;1142948;882298;NA;NA;NA;2320727;796908;759975;36933
2025-11-01;2822988;2047812;1201909;845903;NA;NA;NA;2215508;856177;798235;57942
2025-12-01;2584700;1513240;1021375;491865;NA;NA;NA;2254950;976926;892218;84708
2026-01-01;2708419;1876429;1093303;783126;NA;NA;NA;2150366;612085;540759;71326
2026-02-01;2492708;1836559;1056740;779819;NA;NA;NA;1958564;663930;607922;56008
2026-03-01;2778275;1894639;1083915;810724;NA;NA;NA;2237107;800424;763241;37183
2026-04-01;2672845;1868998;1076672;792326;NA;NA;NA;2077401;594733;546682;48051
2026-05-01;2769319;2030292;1226801;803491;NA;NA;NA;2233490;792288;750621;41667
