"Período";"Aço Bruto";"Laminados";"Laminados Planos";"Laminados Longos";"Ferro-Gusa";"Total sem Ferro-Gusa";"Semi-Acabados";"Semi-Acabados: Placas";"Semi-Acabados: Lingotes, blocos e tarugos";"TOTAL"
1980-01-01;1200165,20431429;969122,510683992;NA;NA;NA;2169287,71499828;NA;NA;NA;NA
1980-02-01;1238517,16833204;970910,896027041;NA;NA;NA;2209428,06435908;NA;NA;NA;NA
1980-03-01;1256250,59823328;983589,453395712;NA;NA;NA;2239840,05162899;NA;NA;NA;NA
1980-04-01;1301789,42688269;971151,241612742;NA;NA;NA;2272940,66849543;NA;NA;NA;NA
1980-05-01;1294385,48586643;1033302,61492577;NA;NA;NA;2327688,1007922;NA;NA;NA;NA
1980-06-01;1304128,06353364;1040372,76303903;NA;NA;NA;2344500,82657267;NA;NA;NA;NA
1980-07-01;1286635,13694159;1023648,75433898;NA;NA;NA;2310283,89128057;NA;NA;NA;NA
1980-08-01;1262044,72695742;1031778,43797275;NA;NA;NA;2293823,16493017;NA;NA;NA;NA
1980-09-01;1263729,38828031;1036307,87068294;NA;NA;NA;2300037,25896325;NA;NA;NA;NA
1980-10-01;1311900,22430933;1068208,4094664;NA;NA;NA;2380108,63377573;NA;NA;NA;NA
1980-11-01;1350135,3039055;1112777,08981983;NA;NA;NA;2462912,39372533;NA;NA;NA;NA
1980-12-01;1265456,1827358;1078142,92237324;NA;NA;NA;2343599,10510904;NA;NA;NA;NA
1981-01-01;1291296,58728396;1057887,07433954;NA;NA;NA;2349183,6616235;NA;NA;NA;NA
1981-02-01;1270426,22025187;1037860,14922171;NA;NA;NA;2308286,36947358;NA;NA;NA;NA
1981-03-01;1283121,50275483;979244,065196429;NA;NA;NA;2262365,56795126;NA;NA;NA;NA
1981-04-01;1179483,08377956;951064,556114911;NA;NA;NA;2130547,63989447;NA;NA;NA;NA
1981-05-01;1151169,77803035;856206,743209144;NA;NA;NA;2007376,52123949;NA;NA;NA;NA
1981-06-01;1083753,58185474;845832,100288703;NA;NA;NA;1929585,68214344;NA;NA;NA;NA
1981-07-01;959619,00746276;815595,323031473;NA;NA;NA;1775214,33049423;NA;NA;NA;NA
1981-08-01;986868,882105892;692879,01463578;NA;NA;NA;1679747,89674167;NA;NA;NA;NA
1981-09-01;993456,27621545;777203,491287549;NA;NA;NA;1770659,767503;NA;NA;NA;NA
1981-10-01;993620,841732009;809801,122619002;NA;NA;NA;1803421,96435101;NA;NA;NA;NA
1981-11-01;991629,33683375;783441,929059609;NA;NA;NA;1775071,26589336;NA;NA;NA;NA
1981-12-01;1051019,84081355;829745,196808695;NA;NA;NA;1880765,03762225;NA;NA;NA;NA
1982-01-01;1061530,35525807;872855,582298719;NA;NA;NA;1934385,93755679;NA;NA;NA;NA
1982-02-01;1063906,63704668;910303,00675608;NA;NA;NA;1974209,64380276;NA;NA;NA;NA
1982-03-01;1001443,88817334;932528,917677801;NA;NA;NA;1933972,80585114;NA;NA;NA;NA
1982-04-01;1012908,4001763;954741,73968961;NA;NA;NA;1967650,13986591;NA;NA;NA;NA
1982-05-01;1039309,27751625;952002,184501807;NA;NA;NA;1991311,46201806;NA;NA;NA;NA
1982-06-01;1086683,16559921;966180,522897167;NA;NA;NA;2052863,68849638;NA;NA;NA;NA
1982-07-01;1206137,17506192;989512,893721036;NA;NA;NA;2195650,06878296;NA;NA;NA;NA
1982-08-01;1174031,26046492;947092,23934946;NA;NA;NA;2121123,49981438;NA;NA;NA;NA
1982-09-01;1174694,21193499;916887,719213923;NA;NA;NA;2091581,93114891;NA;NA;NA;NA
1982-10-01;1142782,31993279;874884,317825127;NA;NA;NA;2017666,63775792;NA;NA;NA;NA
1982-11-01;1094049,90602875;864313,43830387;NA;NA;NA;1958363,34433262;NA;NA;NA;NA
1982-12-01;925880,910348455;743559,648175641;NA;NA;NA;1669440,5585241;NA;NA;NA;NA
1983-01-01;1048547,63625121;784733,917869984;NA;NA;NA;1833281,55412119;NA;NA;NA;NA
1983-02-01;989661,472586522;845490,549399662;NA;NA;NA;1835152,02198618;NA;NA;NA;NA
1983-03-01;1120984,17129471;872625,485996058;NA;NA;NA;1993609,65729077;NA;NA;NA;NA
1983-04-01;1205484,55878655;972361,812849609;NA;NA;NA;2177846,37163616;NA;NA;NA;NA
1983-05-01;1208790,61588741;954093,145655436;NA;NA;NA;2162883,76154285;NA;NA;NA;NA
1983-06-01;1235979,35817053;976765,127335051;NA;NA;NA;2212744,48550558;NA;NA;NA;NA
1983-07-01;1241032,68596357;993828,640827373;NA;NA;NA;2234861,32679094;NA;NA;NA;NA
1983-08-01;1263344,59517319;1022043,91905046;NA;NA;NA;2285388,51422365;NA;NA;NA;NA
1983-09-01;1281151,65220845;1054305,09449226;NA;NA;NA;2335456,74670071;NA;NA;NA;NA
1983-10-01;1290709,3428781;1055723,45553036;NA;NA;NA;2346432,79840846;NA;NA;NA;NA
1983-11-01;1343090,91999083;1108869,51585513;NA;NA;NA;2451960,43584596;NA;NA;NA;NA
1983-12-01;1412727,69948604;1122242,0794445;NA;NA;NA;2534969,77893054;NA;NA;NA;NA
1984-01-01;1449743,15251797;1065219,10224144;NA;NA;NA;2514962,25475941;NA;NA;NA;NA
1984-02-01;1495389,64935671;1117789,5501372;NA;NA;NA;2613179,19949391;NA;NA;NA;NA
1984-03-01;1514354,96970024;1113193,60282649;NA;NA;NA;2627548,57252673;NA;NA;NA;NA
1984-04-01;1601397,8175158;1100105,37035456;NA;NA;NA;2701503,18787036;NA;NA;NA;NA
1984-05-01;1546112,46934501;1148127,62278246;NA;NA;NA;2694240,09212747;NA;NA;NA;NA
1984-06-01;1522393,26261958;1137087,50272034;NA;NA;NA;2659480,76533992;NA;NA;NA;NA
1984-07-01;1532544,33773186;1137056,5706072;NA;NA;NA;2669600,90833906;NA;NA;NA;NA
1984-08-01;1574680,58606921;1182956,84117869;NA;NA;NA;2757637,4272479;NA;NA;NA;NA
1984-09-01;1498848,99133826;1187420,74423242;NA;NA;NA;2686269,73557068;NA;NA;NA;NA
1984-10-01;1542871,5874042;1186237,61867834;NA;NA;NA;2729109,20608254;NA;NA;NA;NA
1984-11-01;1555806,65013391;1169609,53324414;NA;NA;NA;2725416,18337805;NA;NA;NA;NA
1984-12-01;1539577,75124736;1110569,3949207;NA;NA;NA;2650147,14616806;NA;NA;NA;NA
1985-01-01;1470933,20458886;1179260,2107399;NA;NA;NA;2650193,41532876;NA;NA;NA;NA
1985-02-01;1547956,68656256;1130522,10024554;NA;NA;NA;2678478,7868081;NA;NA;NA;NA
1985-03-01;1660898,3188882;1163043,62358764;NA;NA;NA;2823941,94247584;NA;NA;NA;NA
1985-04-01;1644634,81787233;1207732,16688288;NA;NA;NA;2852366,98475521;NA;NA;NA;NA
1985-05-01;1725139,14500901;1177231,82924719;NA;NA;NA;2902370,9742562;NA;NA;NA;NA
1985-06-01;1752668,94203744;1197558,47333028;NA;NA;NA;2950227,41536772;NA;NA;NA;NA
1985-07-01;1807534,21558738;1260781,9555276;NA;NA;NA;3068316,17111498;NA;NA;NA;NA
1985-08-01;1734776,53496566;1236156,37435633;NA;NA;NA;2970932,90932199;NA;NA;NA;NA
1985-09-01;1744535,50756452;1249287,08974652;NA;NA;NA;2993822,59731104;NA;NA;NA;NA
1985-10-01;1732543,23782752;1236403,61339315;NA;NA;NA;2968946,85122067;NA;NA;NA;NA
1985-11-01;1784764,71417889;1227348,73490936;NA;NA;NA;3012113,44908825;NA;NA;NA;NA
1985-12-01;1821399,61284211;1258129,78562572;NA;NA;NA;3079529,39846783;NA;NA;NA;NA
1986-01-01;1738506,54752662;1299833,7430299;747863,948285169;551969,794744734;NA;3038340,29055652;345904,088602724;258204,514670975;87699,5739317489;NA
1986-02-01;1713735,52071351;1347274,39951272;779466,28583428;567808,113678442;NA;3061009,92022623;283763,667570625;203457,860152889;80305,807417736;NA
1986-03-01;1724155,15805261;1339084,96268436;774286,739919694;564798,222764668;NA;3063240,12073697;322072,983445891;248171,96565226;73901,0177936311;NA
1986-04-01;1732263,49839484;1348098,08401573;792362,459422083;555735,62459365;NA;3080361,58241057;354938,290377684;271228,367590964;83709,9227867203;NA
1986-05-01;1808567,16000081;1323239,84002086;760992,913422702;562246,926598161;NA;3131807,00002167;333549,420513784;259341,016014955;74208,4044988287;NA
1986-06-01;1791592,10957774;1333525,4542602;790018,445208529;543507,009051666;NA;3125117,56383794;342466,282943761;269176,252804069;73290,0301396916;NA
1986-07-01;1632011,95736737;1325083,24519717;754774,778142501;570308,467054671;NA;2957095,20256454;342298,241925805;283604,650138054;58693,5917877507;NA
1986-08-01;1766028,96215561;1336435,52878416;763329,650448643;573105,878335516;NA;3102464,49093977;354768,153799345;248756,547832037;106011,605967308;NA
1986-09-01;1845387,68819561;1315314,72595367;734253,168728277;581061,557225398;NA;3160702,41414928;372495,790557117;238523,482643957;133972,30791316;NA
1986-10-01;1850375,03811342;1344524,37166312;752498,122470319;592026,249192802;NA;3194899,40977654;386173,889709916;248598,976258845;137574,913451071;NA
1986-11-01;1793976,78947431;1308600,62869028;705316,162686798;603284,466003485;NA;3102577,41816459;417793,675944317;265860,992228228;151932,683716089;NA
1986-12-01;1818204,43526615;1330088,09330753;732850,416138491;597237,677169035;NA;3148292,52857368;433250,329540579;279955,804796538;153294,524744041;NA
1987-01-01;1852625,7429126;1308255,88982235;703469,646285298;604786,243537052;NA;3160881,63273495;488731,38376329;319766,579390216;168964,804373074;NA
1987-02-01;1853784,89521365;1361555,19808363;754870,376566396;606684,821517231;NA;3215340,09329728;484117,468131824;325710,023218638;158407,444913186;NA
1987-03-01;1710456,64233192;1348917,78857516;746680,07326142;602237,71531374;NA;3059374,43090708;493683,944814911;337578,013665087;156105,931149824;NA
1987-04-01;1753589,01709184;1291304,15440615;733048,85226575;558255,302140402;NA;3044893,17149799;480048,994473584;333669,413920534;146379,58055305;NA
1987-05-01;1759662,46196533;1326538,6220182;783061,346057049;543477,275961151;NA;3086201,08398353;500160,152512073;319646,412029553;180513,74048252;NA
1987-06-01;1775310,33195436;1273800,37204756;726205,623782754;547594,748264806;NA;3049110,70400192;442972,99348582;253847,305756423;189125,687729397;NA
1987-07-01;1820503,75827476;1280479,31703135;774710,809418533;505768,507612815;NA;3100983,07530611;437107,20459092;244865,570882988;192241,633707932;NA
1987-08-01;1864951,35965678;1276193,1515393;759891,939671193;516301,211868105;NA;3141144,51119608;451705,080145336;261041,472090428;190663,608054908;NA
1987-09-01;1917397,3308736;1280540,98296381;801661,816463068;478879,166500742;NA;3197938,31383741;473091,61707968;286579,945794671;186511,671285009;NA
1987-10-01;1932047,72022805;1305544,18265816;763117,299075297;542426,883582866;NA;3237591,90288621;480040,837685238;296790,010269483;183250,827415755;NA
1987-11-01;2006219,96831088;1382547,50694837;794655,41478944;587892,092158932;NA;3388767,47525925;487741,904860058;294443,526696737;193298,378163321;NA
1987-12-01;1934194,74714162;1336004,65328063;779032,566574109;556972,086706521;NA;3270199,40042225;481023,470310463;267168,502843156;213854,967467307;NA
1988-01-01;2000335,84093271;1351976,89329152;820825,854901965;531151,038389553;NA;3352312,73422423;444814,135068755;242426,932525503;202387,202543252;NA
1988-02-01;2040454,30809372;1314777,70020398;795211,665625237;519566,034578748;NA;3355232,00829771;339163,357024016;127529,766334055;211633,590689961;NA
1988-03-01;2092876,76033166;1348603,50884991;823077,912522715;525525,596327193;NA;3441480,26918157;625263,915413419;335295,869154418;289968,046259001;NA
1988-04-01;2022099,94597621;1495854,31133335;921060,262972267;574794,048361085;NA;3517954,25730956;674678,844126902;203982,217065738;470696,627061164;NA
1988-05-01;1973490,11140444;1375075,72470385;821518,475609437;553557,249094417;NA;3348565,83610829;566381,711126151;338976,307784422;227405,403341729;NA
1988-06-01;2113314,76273226;1261051,15336686;762073,773447897;498977,379918961;NA;3374365,91609912;575388,269529975;290149,305059768;285238,964470207;NA
1988-07-01;2097044,49528722;1353654,35245217;805971,95811804;547682,394334128;NA;3450698,84773939;294309,744018688;107984,439597782;186325,304420906;NA
1988-08-01;2100999,76715805;1366432,71554686;852481,63428351;513951,081263349;NA;3467432,48270491;502962,355929009;307390,677666084;195571,678262925;NA
1988-09-01;2106581,37729579;1301709,77305486;779152,185225421;522557,587829444;NA;3408291,15035065;650806,122248791;370746,962258707;280059,159990084;NA
1988-10-01;2119210,0964993;1334792,42259714;819840,177369026;514952,245228116;NA;3454002,51909644;589019,364521149;321889,639918434;267129,724602715;NA
1988-11-01;1900199,32260738;1206667,08838264;681036,251122557;525630,837260085;NA;3106866,41099002;621220,708415427;397829,099508955;223391,608906472;NA
1988-12-01;2076552,86287771;1375593,81394176;799668,989837454;575924,824104308;NA;3452146,67681947;431163,812832411;199485,129727154;231678,683105257;NA
1989-01-01;2095329,1916473;1371887,73958145;835995,317591022;535892,421990429;NA;3467216,93122875;459882,784354273;252463,215942328;207419,568411945;NA
1989-02-01;2126870,92166904;1403635,61763779;858918,48228191;544717,135355879;NA;3530506,53930683;509403,206896011;308162,87510497;201240,331791041;NA
1989-03-01;2103124,8578807;1320851,26162171;805868,861343039;514982,400278669;NA;3423976,11950241;466003,236587809;295543,484846077;170459,751741732;NA
1989-04-01;2180559,88236396;1361066,17123379;832732,921630813;528333,249602976;NA;3541626,05359775;524822,908286514;340589,759759442;184233,148527072;NA
1989-05-01;2069619,58659829;1347715,07369211;796475,315797532;551239,757894576;NA;3417334,6602904;517348,989017175;331612,499804218;185736,489212957;NA
1989-06-01;2096761,81417351;1379659,36369481;835472,763166661;544186,600528151;NA;3476421,17786832;517916,123682893;345775,44443198;172140,679250913;NA
1989-07-01;2108915,87571112;1376747,64303052;837510,696189701;539236,94684082;NA;3485663,51874164;550892,628757638;324351,871238716;226540,757518922;NA
1989-08-01;2132600,73891018;1347542,40428553;783564,504384647;563977,899900883;NA;3480143,14319571;575701,591551193;324799,540780986;250902,050770207;NA
1989-09-01;2050789,46038103;1353521,92450503;781594,213876822;571927,710628205;NA;3404311,38488606;454653,319339883;245639,138901642;209014,180438241;NA
1989-10-01;2033027,70920658;1356123,58481144;789214,788410706;566908,796400736;NA;3389151,29401802;561902,718303134;231388,973606162;330513,744696972;NA
1989-11-01;2040542,21868401;1414263,80244637;848613,277943662;565650,524502705;NA;3454806,02113038;455055,993952047;198088,835589328;256967,158362719;NA
1989-12-01;2030434,73589374;1402455,52144975;830921,517089235;571534,00436052;NA;3432890,2573435;439066,772442699;228553,711101776;210513,061340923;NA
1990-01-01;1935413,9124394;1343596,79021933;778399,189115003;565197,601104329;NA;3279010,70265873;457968,644882845;219403,04052887;238565,604353975;NA
1990-02-01;1846113,24706309;1276730,12673181;733391,084541404;543339,042190401;NA;3122843,3737949;447103,433695727;185095,196877867;262008,23681786;NA
1990-03-01;1878132,44892817;1345451,94783316;788842,17510352;556609,772729636;NA;3223584,39676133;326962,598397605;88147,0984632281;238815,499934377;NA
1990-04-01;1527417,21444822;1122078,33607518;684072,765503759;438005,570571416;NA;2649495,5505234;394987,619188309;177907,148067848;217080,471120461;NA
1990-05-01;1580331,81294097;1117786,53385199;622194,474826945;495592,059025047;NA;2698118,34679296;381518,549398703;167025,742079464;214492,807319239;NA
1990-06-01;1597744,11303525;1244097,01095982;718875,499960045;525221,510999779;NA;2841841,12399507;408168,289209883;189909,673963182;218258,615246701;NA
1990-07-01;1633942,04135357;1156024,56035499;609812,087178608;546212,473176381;NA;2789966,60170856;402029,81407917;204071,226131254;197958,587947916;NA
1990-08-01;1485751,77437167;1206434,6485507;696168,349921984;510266,298628714;NA;2692186,42292237;257073,692843582;60160,116801611;196913,576041971;NA
1990-09-01;1745509,7643686;1250397,66086339;781990,398555348;468407,262308041;NA;2995907,42523199;414953,442687881;212681,953522428;202271,489165453;NA
1990-10-01;1807601,01851772;1285287,38249696;828191,139898858;457096,2425981;NA;3092888,40101468;433863,630609889;261602,734814086;172260,895795803;NA
1990-11-01;1725598,12484623;1201425,03443423;751044,325118323;450380,709315906;NA;2927023,15928046;466423,9218763;293272,452748775;173151,469127525;NA
1990-12-01;1797410,40519704;1176831,97936403;757490,589168006;419341,390196028;NA;2974242,38456107;496876,290098389;304993,843214176;191882,446884213;NA
1991-01-01;1835279,40633125;1200716,66755965;756957,360974244;443759,306585405;NA;3035996,0738909;565002,794381679;350505,940637529;214496,85374415;NA
1991-02-01;1819944,36667621;1161644,09992236;753159,002805121;408485,097117243;NA;2981588,46659857;495544,449214509;344639,17829501;150905,270919499;NA
1991-03-01;1904734,2419418;1140273,70611899;699581,531292988;440692,174826001;NA;3045007,94806079;542137,019792531;343730,571545;198406,448247531;NA
1991-04-01;1926946,46834185;1244343,99681812;798378,006864383;445965,989953735;NA;3171290,46515997;495460,946020588;318946,791237009;176514,154783579;NA
1991-05-01;1952608,65914638;1351899,80888582;900683,072543258;451216,736342557;NA;3304508,4680322;471732,102831388;297483,14054434;174248,962287048;NA
1991-06-01;1772524,06884725;1254392,66355513;786466,224108922;467926,439446204;NA;3026916,73240238;457627,384137198;276420,84908793;181206,535049268;NA
1991-07-01;1862987,8810855;1245248,6512462;756130,243932662;489118,407313536;NA;3108236,5323317;489590,698074141;317694,795500552;171895,902573589;NA
1991-08-01;1912877,28265861;1272683,7807959;796528,911366599;476154,869429301;NA;3185561,06345451;476080,949694167;309982,573330859;166098,376363308;NA
1991-09-01;1955163,93184467;1309459,91462909;820969,081408733;488490,833220361;NA;3264623,84647376;480229,000642851;317889,329084371;162339,67155848;NA
1991-10-01;1945182,8163597;1293585,3410184;797572,100144772;496013,240873632;NA;3238768,1573781;479292,237158726;319402,542966285;159889,694192441;NA
1991-11-01;1938706,71051284;1262938,98409906;791624,829087956;471314,155011109;NA;3201645,69461191;490172,952443313;308748,558425884;181424,394017429;NA
1991-12-01;1792032,11779384;1196453,69337357;748084,058445264;448369,634928306;NA;2988485,81116741;479602,955751121;298211,776452258;181391,179298863;NA
1992-01-01;1925871,73259961;1327444,14852722;851125,327268795;476318,821258423;NA;3253315,88112683;449545,371180115;269600,533815653;179944,837364462;NA
1992-02-01;2030320,07445039;1353921,93210283;850061,806261806;503860,125841026;NA;3384242,00655322;502933,583564808;331832,167984907;171101,415579901;NA
1992-03-01;2028702,86475417;1304073,34246241;825822,971645836;478250,370816573;NA;3332776,20721658;516182,756995882;341526,480229616;174656,276766266;NA
1992-04-01;1998110,3211414;1339282,92388254;856158,561220429;483124,362662116;NA;3337393,24502394;501198,253913264;313525,215132001;187673,038781263;NA
1992-05-01;2053976,90633079;1390895,06631529;897984,562067919;492910,504247369;NA;3444871,97264608;511903,136434474;318680,084355788;193223,052078686;NA
1992-06-01;1999668,71394188;1304480,55178643;833021,618588233;471458,9331982;NA;3304149,26572831;466728,190191752;271654,598221999;195073,591969753;NA
1992-07-01;1998809,2891613;1337999,76850463;850099,181018819;487900,587485811;NA;3336809,05766593;458364,620766289;269095,959380954;189268,661385335;NA
1992-08-01;2003543,0612177;1339930,66439241;858203,151903028;481727,512489378;NA;3343473,72561011;474677,97423489;291002,005089357;183675,969145533;NA
1992-09-01;1912804,90394587;1286344,45220547;811041,328317228;475303,123888238;NA;3199149,35615134;444762,866779819;271464,536372703;173298,330407116;NA
1992-10-01;1937210,10462305;1280768,30879897;802271,916149696;478496,392649269;NA;3217978,41342202;462702,444293214;287282,546615866;175419,897677348;NA
1992-11-01;2027205,66168434;1306535,57938465;816877,191847468;489658,387537181;NA;3333741,24106899;497108,803489621;311774,736635063;185334,066854558;NA
1992-12-01;1998383,47302721;1322797,61295907;825420,900212686;497376,712746383;NA;3321181,08598628;507531,605632353;309651,55928451;197880,046347843;NA
1993-01-01;2006026,47980442;1297638,78374502;773348,643880188;524290,139864834;NA;3303665,26354944;577703,533831981;384680,945834234;193022,587997747;NA
1993-02-01;2032624,15352797;1302985,36386971;775566,896245086;527418,467624624;NA;3335609,51739768;484225,006725971;304710,651590042;179514,355135929;NA
1993-03-01;1994941,46697044;1360718,99359381;819674,436376331;541044,557217482;NA;3355660,46056425;482327,202086268;306978,955289314;175348,246796954;NA
1993-04-01;2140474,07104999;1373422,91440567;821153,972719086;552268,941686583;NA;3513896,98545566;541165,983438758;351939,436424843;189226,547013915;NA
1993-05-01;2126915,50858033;1394698,51639867;840440,074180877;554258,442217789;NA;3521614,024979;570494,620873103;375436,184488866;195058,436384237;NA
1993-06-01;2169436,72102385;1437119,62137093;883249,784077595;553869,837293339;NA;3606556,34239478;548949,145592784;360851,318887711;188097,826705073;NA
1993-07-01;2133173,26701007;1454524,68251895;916346,665828976;538178,016689969;NA;3587697,94952901;514671,530867165;325684,209816947;188987,321050218;NA
1993-08-01;2140038,02855557;1375190,28218666;842943,242710318;532247,039476344;NA;3515228,31074223;561390,398136667;351722,591423644;209667,806713023;NA
1993-09-01;2147588,25779415;1363393,01258311;822824,564945363;540568,447637747;NA;3510981,27037726;585991,309612993;358924,151091671;227067,158521322;NA
1993-10-01;2118697,80776459;1368255,71058743;834121,820406691;534133,890180734;NA;3486953,51835201;570791,255554459;332679,420341293;238111,835213166;NA
1993-11-01;2127907,31332291;1400310,51387925;850991,101516039;549319,412363212;NA;3528217,82720216;542757,864637235;332652,432502969;210105,432134266;NA
1993-12-01;2069203,95869673;1387625,21592392;834487,922584111;553137,29333981;NA;3456829,17462065;501494,081184507;314024,476041039;187469,605143468;NA
1994-01-01;2142527,02061043;1296514,00936366;770043,627678805;526470,381684859;NA;3439041,02997409;508911,407298356;340403,197304828;168508,209993528;NA
1994-02-01;2132659,06479693;1401007,83134132;876428,875942716;524578,955398608;NA;3533666,89613825;578418,322608519;356645,814218236;221772,508390283;NA
1994-03-01;2158874,16383094;1450904,40761914;898912,917942765;551991,489676372;NA;3609778,57145008;564482,640815381;350946,129187996;213536,511627385;NA
1994-04-01;2218011,26735203;1428323,86123481;874198,08590709;554125,775327725;NA;3646335,12858685;557689,127019484;341584,13003877;216104,996980714;NA
1994-05-01;2223657,34092559;1432711,04973735;883466,122781441;549244,926955913;NA;3656368,39066294;538070,499082976;322425,844830829;215644,654252147;NA
1994-06-01;2228757,15725267;1424634,7394814;880030,790640078;544603,948841325;NA;3653391,89673407;579453,89183194;360653,212543196;218800,679288744;NA
1994-07-01;2153703,39010792;1412781,33708808;859041,286753027;553740,050335048;NA;3566484,72719599;561286,871434071;361506,181816127;199780,689617944;NA
1994-08-01;2021191,03314636;1430306,02328855;881930,603293801;548375,419994751;NA;3451497,05643491;457940,828207676;307686,856758719;150253,971448957;NA
1994-09-01;2010782,68715119;1457806,4037328;916345,792989932;541460,610742864;NA;3468589,09088399;420749,397994635;327805,626318878;92943,7716757568;NA
1994-10-01;2104523,86715328;1458769,39229689;921018,142735775;537751,249561116;NA;3563293,25945017;457359,84331532;340044,36309497;117315,48022035;NA
1994-11-01;2126099,78691104;1485366,62653799;912989,256999801;572377,369538189;NA;3611466,41344903;527189,709611637;329037,629938804;198152,079672833;NA
1994-12-01;2213539,41245981;1507948,08774562;927501,629882528;580446,457863089;NA;3721487,50020543;528047,825447435;357497,650639814;170550,174807621;NA
1995-01-01;2141512,54697684;1456744,06347327;962130,44168864;517718,780301475;2114132,52253903;3598256,61045011;538858,497349493;364090,651778279;180164,017946968;6251247,63033863
1995-02-01;2117365,15763255;1390760,38490996;903910,731625509;471384,29231547;2050361,82484194;3508125,54254251;530824,077751672;351499,475289383;181569,357488709;6089311,44513612
1995-03-01;2158062,68828613;1416483,10029977;932644,319418885;489271,669801264;2182760,93365941;3574545,7885859;594902,671719471;409022,061575311;173855,170133742;6352209,39396478
1995-04-01;2031140,07467908;1386872,44463343;919210,858267619;482771,677713007;1994032,18868666;3418012,51931251;533174,885140602;358399,553357506;182954,3124823;5945219,59313977
1995-05-01;2060490,21123422;1287062,21239238;847640,887519325;449733,552321325;2079605,55942035;3347552,4236266;514141,868432809;359546,447194755;157354,23982056;5941299,85147976
1995-06-01;1998068,79736179;1278677,56547046;851321,139622433;411772,020525873;2027249,14775324;3276746,36283225;508267,483282046;353632,641921969;161242,681750973;5812262,99386754
1995-07-01;2096571,03806153;1297911,97449011;887477,769646342;428490,625659878;2087511,54306743;3394483,01255164;572341,231576714;418084,065533358;149656,937284584;6054335,78719578
1995-08-01;2196219,99780813;1312947,14365308;866097,948643878;448291,001964784;2129837,51367679;3509167,14146121;614728,31526576;417344,223789734;180420,941913886;6253732,97040376
1995-09-01;2053409,23931507;1250157,79921241;826396,198104031;425432,439721055;2085948,20023326;3303567,03852748;525255,957484118;370426,426258544;155592,284216681;5914771,19624486
1995-10-01;2118994,49456034;1287859,84216386;857396,416865428;433275,547761834;2143107,62274691;3406854,3367242;560212,867435437;379825,778945404;174997,893945769;6110174,82690655
1995-11-01;2081654,22844361;1336798,54991742;882254,67421752;443305,173549536;2082594,30481697;3418452,77836103;546280,63995924;357736,381560054;190142,924604792;6047327,72313724
1995-12-01;2043011,3928953;1352697,14315492;904195,193815441;427585,557163329;2072359,68531151;3395708,53605022;586988,55469811;410377,130773374;186621,246760739;6055056,77605984
1996-01-01;2063393,83696357;1392158,45352728;914868,714852265;494841,748351657;2013782,59871977;3455552,29049085;564449,787134608;346041,97475468;223129,563418888;6033784,67634523
1996-02-01;2051584,35917299;1469473,1991199;927481,258788808;463461,060870931;2074770,81880516;3521057,55829289;572952,398762324;364946,57892284;210106,096111784;6168780,77586037
1996-03-01;2006063,08767545;1317448,21807425;895110,493826857;437907,259853056;1939451,007033;3323511,3057497;508238,541551426;310262,972332316;193776,777181145;5771200,85433413
1996-04-01;1968471,47383746;1317304,05026766;878488,681430412;445734,230267298;1881671,96118307;3285775,52410512;523069,46546362;333001,769262459;190944,347581702;5690516,95075181
1996-05-01;1924097,2869949;1269803,27794964;834915,911668519;442728,370077271;1837839,90061912;3193900,56494454;559511,776916694;386466,721321455;175647,945915987;5591252,24248035
1996-06-01;2050256,2445175;1279555,46224705;799449,38957581;474105,718732505;1990022,95783829;3329811,70676455;523854,216550298;377160,560228003;153811,419859895;5843688,88115314
1996-07-01;2140341,74470739;1361057,3555664;879717,072253977;492890,756519034;2004654,45527502;3501399,10027379;521264,10227768;346473,93551674;168099,253664223;6027317,65782649
1996-08-01;2130256,74089735;1375112,84454845;905327,70886019;476201,224398477;2000550,39665412;3505369,5854458;518699,050951765;342041,348703308;161984,94251061;6024619,03305168
1996-09-01;2159422,25941113;1412664,91013668;955136,468699257;482241,646415041;2033615,35440826;3572087,16954781;552217,230200829;380556,247458413;172186,080779327;6157919,7541569
1996-10-01;2222956,64680139;1486733,0272498;999531,138446887;484747,816576927;2072042,98490619;3709689,67405119;614758,956683692;431735,937766086;177773,627318771;6396491,61564107
1996-11-01;2251509,75737303;1472034,57055358;997127,162629056;466825,282226622;2092218,58076273;3723544,32792661;543783,810955948;378215,360485774;164358,571879723;6359546,71964529
1996-12-01;2214188,95424354;1557790,52471237;995893,149273171;536912,458574233;2073793,19307572;3771979,47895591;530209,280742118;368938,031583902;175521,115634045;6375981,95277375
1997-01-01;2064124,32075109;1441624,81471017;969238,960119517;494733,435202747;1966908,3884808;3505749,13546126;538176,846686941;386554,880244697;156020,178337902;6010834,370629
1997-02-01;2201412,02494885;1452466,25430884;946479,208925074;506475,398436568;2026959,55555742;3653878,27925769;553949,664021321;376103,230284176;180139,078705026;6234787,49883643
1997-03-01;2191226,90034653;1426047,26552663;931721,714819432;514317,157784284;2022173,30581014;3617274,16587316;521378,498488601;329451,402899662;194280,540869807;6160825,9701719
1997-04-01;2231784,53858749;1417122,69938609;942992,007668224;485709,97834528;2189498,84090098;3648907,23797358;562434,199435378;376204,247299781;180613,347214944;6400840,27830994
1997-05-01;2190810,45671099;1497578,52529234;995706,153457287;507425,408109139;2096951,45390407;3688388,98200333;556678,851039893;354032,767494022;205508,4083955;6342019,28694729
1997-06-01;2257296,6046253;1468108,53609288;958289,599772236;496594,971173432;2107196,89201797;3725405,14071818;601765,717008107;386488,313979885;223202,247198905;6434367,74974426
1997-07-01;2179837,59202576;1422013,67657245;920826,393992963;493902,187649296;2035637,8132489;3601851,26859821;599413,937791278;373934,72988446;212136,400253508;6236903,01963839
1997-08-01;2148510,46257309;1425471,58517716;930556,479422145;495936,945537859;2035806,95617543;3573982,04775025;580376,786319637;391126,941674609;181694,20733289;6190165,79024532
1997-09-01;2217318,33781363;1453228,2585162;946480,417656144;516589,19494991;2130406,11175952;3670546,59632983;578880,213911092;392135,232879208;186955,413155605;6379832,92200044
1997-10-01;2144632,36449335;1475494,34967841;932069,219730723;540898,070170588;2053786,8688839;3620126,71417176;547221,195466629;360908,034364735;181209,096075668;6221134,77852229
1997-11-01;2134501,81497388;1447738,48436622;891215,364932243;550262,578423199;2086758,29001233;3582240,2993401;557168,455735292;384602,851216502;168624,501860277;6226167,04508772
1997-12-01;2242280,03264084;1499716,28222873;922689,097359935;551325,967642234;2187141,80758827;3741996,31486957;535579,303808857;381585,43807698;170696,761695728;6464717,4262667
1998-01-01;2159437,98277575;1364300,72008923;903559,144940519;490012,294455656;2186655,32573047;3523738,70286498;545258,049231474;382597,860348262;165618,482182026;6255652,07782692
1998-02-01;2172254,11381919;1388712,31948281;907272,940741756;491942,024541741;2186604,78185771;3560966,433302;545360,193253887;399796,385904386;147428,543363925;6292931,4084136
1998-03-01;2090194,85573443;1392219,44368851;925208,31675987;505455,402152449;2156955,61539316;3482414,29942294;589990,678130066;428175,674387629;152789,695627909;6229360,59294617
1998-04-01;2182003,89825814;1409152,11667339;887797,601493519;535583,943553488;2161526,19503672;3591156,01493153;580014,122898398;426252,266577753;158092,263866062;6332696,33286665
1998-05-01;2181963,27489788;1454315,27395639;931697,83382483;519368,245298203;2220607,20054972;3636278,54885427;556304,05889111;398095,844889769;163376,951358976;6413189,8082951
1998-06-01;2192224,59499263;1470197,88650128;957296,402718333;506475,241689362;2126159,99949545;3662422,48149391;559581,47270368;408215,165914273;161947,062161781;6348163,95369304
1998-07-01;2347648,16895342;1430501,56859288;930507,49984069;507607,681975649;2245014,04846006;3778149,7375463;664801,507087755;456566,314136795;186727,242146056;6687965,29309411
1998-08-01;2245261,75067128;1405955,73097283;896287,027354317;502863,701560469;2200456,26994951;3651217,48164411;582974,718766715;422186,98087925;158810,248720788;6434648,47036033
1998-09-01;2112790,21261233;1397096,33744525;897873,935806876;497176,463980752;2007956,1421428;3509886,55005758;533393,250873218;379686,172205818;154052,141436791;6051235,9430736
1998-10-01;2148640,79430209;1295053,22722122;802302,149227366;482315,164732429;2029511,70261875;3443694,02152331;590746,92152936;444275,085517458;142843,599196278;6063952,64567142
1998-11-01;2050068,33231146;1230117,63634486;714765,396545085;500413,755520436;1895964,53372555;3280185,96865632;587662,148369209;420011,966358535;162232,724602908;5763812,65075108
1998-12-01;1930593,73524331;1188408,27286934;657037,591225079;483765,800917693;1825422,31202856;3119002,00811265;512868,526576223;391628,093565232;139297,383608806;5457292,84671743
1999-01-01;2042020,47922603;1260303,06874183;773713,865654617;442172,34551524;1940590,91534869;3302323,54796786;589557,937723862;428550,514995939;161552,772595151;5832472,40104041
1999-02-01;2056063,58845515;1350844,93149612;826788,330581506;526719,192840439;1957681,52373343;3406908,51995127;564349,54518928;427885,113966232;138761,195542163;5928939,58887398
1999-03-01;2075173,14415904;1372421,32462073;815086,599009498;594119,207062811;983796,972416541;3447594,46877977;585769,663601094;450356,933555947;148531,606024675;5017161,10479741
1999-04-01;2122796,36654198;1384381,11969835;860787,540213527;537497,667631606;2064108,97641268;3507177,48624033;628620,119332983;455027,973601956;151058,884424449;6199906,58198599
1999-05-01;2095441,31904149;1388703,47941274;851487,745371288;536357,972760139;2032058,82671622;3484144,79845423;578962,638663609;439441,906770104;148661,350606363;6095166,26383406
1999-06-01;2072043,5069792;1427442,63337442;840406,011389503;562815,098703436;1970369,63249244;3499486,14035362;604464,023929312;440232,4739056;178223,501715952;6074319,79677537
1999-07-01;2035193,92460804;1463855,5427884;865368,867665899;606147,921379966;1926050,25906581;3499049,46739644;592581,002224431;411854,186912613;151512,376442789;6017680,72868668
1999-08-01;2059863,43923716;1451060,84964239;865046,62140283;567981,915043024;2038904,63051155;3510924,28887955;623990,694552617;470988,169749463;156253,368186123;6173819,61394372
1999-09-01;2078293,95894921;1415018,2902959;838206,865850022;576043,629140142;2067980,00646892;3493312,24924511;608678,043416928;468425,587274355;140906,185558739;6169970,29913096
1999-10-01;2052492,00994211;1394485,95097016;837255,230487856;569676,585863348;2089064,8200288;3446977,96091227;567697,403245111;423503,244104098;142422,242211195;6103740,18418618
1999-11-01;2203746,56950742;1466697,50594028;899651,516337065;550897,010323015;2225365,13328289;3670444,0754477;554561,730536199;408541,50434241;141610,32922372;6450370,93926679
1999-12-01;2144215,32288565;1450688,56544195;873912,416430806;555833,767395071;2245290,90969866;3594903,8883276;666651,631641896;592005,988641392;92958,3114750226;6506846,42966816
2000-01-01;2371147,01254864;1550003,51989506;795836,18863047;565545,517671363;2398270,32322596;3921150,5324437;638496,049501612;504329,982108705;131458,851557859;6957916,90517127
2000-02-01;2214714,22468089;1547129,78126386;897007,425756631;591202,719150078;2318120,64064538;3761844,00594475;643735,777279922;500805,73260769;144716,660882749;6723700,42387005
2000-03-01;2369278,27785851;1568848,23901683;888843,045767398;555640,925540793;2459113,57715486;3938126,51687534;628320,738340644;488065,143348561;136028,093627049;7025560,83237084
2000-04-01;2325860,70176507;1569434,62411057;917120,494750633;577689,212249767;2420759,56985342;3895295,32587564;554899,079881245;400766,001946457;143171,32729667;6870953,9756103
2000-05-01;2393053,44862749;1530510,3306875;927280,910270705;591973,325062082;2343934,66818128;3923563,77931499;646852,042002734;492707,735765668;165775,526852203;6914350,489499
2000-06-01;2343514,0807577;1549926,93616842;958485,465347188;587829,278696944;2324163,18581213;3893441,01692612;625760,076297663;487634,942193445;155774,835883;6843364,27903591
2000-07-01;2293747,83524256;1554971,65194346;987303,814150852;579579,745599554;2294898,19770257;3848719,48718602;583047,738063204;386131,453428356;167383,563199789;6726665,42295179
2000-08-01;2137445,0348078;1415316,52079192;960538,624925687;585103,702821663;2197405,67589906;3552761,55559972;617227,815554418;443563,840634954;176861,540004321;6367395,0470532
2000-09-01;2359155,9070791;1562451,10650315;975426,584131305;583099,376321182;2318874,97534537;3921607,01358225;666386,71513337;466019,092091237;202207,9657347;6906868,70406099
2000-10-01;2301009,32111233;1491896,91223615;977469,11887417;581074,440369503;2308665,75552234;3792906,23334848;638304,413783252;445546,66948942;193173,092287105;6739876,40265407
2000-11-01;2358749,79106887;1582193,18028996;989125,411290379;581290,700092054;2391550,06076926;3940942,97135883;623771,905294761;433365,300108274;187675,358477161;6956264,93742285
2000-12-01;2387015,17276644;1523869,51947349;901624,1157158;612570,876974047;2287971,98199273;3910884,69223993;674531,15815368;503474,591278713;186654,701785303;6873387,83238634
2001-01-01;2379818,12313716;1533225,4782445;922582,113053471;629631,339862232;2391591,54578471;3913043,60138166;626424,664086565;458413,970449741;162819,89118871;6931059,81125294
2001-02-01;2393900,92155456;1538052,65545656;924677,055657705;623803,282126753;2450365,84792236;3931953,57701112;610763,50403893;447700,18473402;165167,033470072;6993082,92897241
2001-03-01;2361673,83871038;1559221,50234251;966523,362542778;633744,809304239;2450543,9124936;3920895,34105289;627510,767624605;454334,111495523;170990,236133066;6998950,02117109
2001-04-01;2341005,09350661;1575482,41104018;942107,328704984;648256,110442053;2438787,01985002;3916487,50454679;616896,015100069;449568,229926831;149743,280951669;6972170,53949688
2001-05-01;2222592,25230514;1604746,43184149;954048,471304324;637891,243877583;2248537,71444943;3827338,68414663;626778,527785818;445250,670723687;193493,462835926;6702654,92638188
2001-06-01;1821410,31847126;1471174,40065971;878967,876215717;594494,35309392;1950117,29186711;3292584,71913097;441608,587600688;400836,678989555;59123,4825541114;5684310,59859877
2001-07-01;1899241,53903303;1436159,77349495;823734,525441784;611392,243894764;1965246,37960518;3335401,31252798;550766,042164957;460179,756312445;64703,9922067628;5851413,73429812
2001-08-01;2138895,2516106;1422893,31097813;779652,172135033;617103,225664209;2209314,8241314;3561788,56258873;621492,436033422;478067,122408113;146925,781156462;6392595,82275355
2001-09-01;2269862,5027866;1457963,78034579;859779,903503208;615821,031021097;2285888,58534999;3727826,28313239;657080,146658527;505260,55600183;154193,974718292;6670795,01514091
2001-10-01;2301333,58524026;1488641,29917676;878473,552259829;594624,423378521;2298591,81911537;3789974,88441702;743888,211420011;576300,501330404;170100,214217438;6832454,9149524
2001-11-01;2258770,97382256;1469914,99648116;870677,31100278;593305,52997577;2287915,07131296;3728685,97030372;765338,801473859;604653,809551918;162534,808081241;6781939,84309054
2001-12-01;2335377,52002035;1500659,85751155;862099,380701312;591815,89286892;2379167,86370472;3836037,3775319;753807,979482299;575493,210222837;188842,828842504;6969013,22071892
2002-01-01;2364688,78838648;1496874,30606184;929298,699463724;595344,427927045;2305702,54151543;3861563,09444832;815122,711627583;605363,183542034;203296,679464561;6982388,34759133
2002-02-01;2416797,88249217;1505880,20432779;931509,897703653;589108,320566537;2358809,38947526;3922678,08681996;714396,018217706;532176,27325806;180513,072262711;6995883,49451293
2002-03-01;2338969,81299036;1466327,89051199;879952,383601191;616377,222020165;2295324,46698191;3805297,70350235;694093,549637901;550998,226604537;153124,460296469;6794715,72012216
2002-04-01;2220165,59159466;1450732,02397808;874234,560917713;593223,09114317;2313547,11035351;3670897,61557274;655669,398429133;568522,25344077;60357,9521759585;6640114,12435538
2002-05-01;2407299,64223304;1526141,57384736;912349,181519869;609357,248918664;2465329,58581504;3933441,2160804;727723,241477644;602622,434925426;132720,544026787;7126494,04337308
2002-06-01;2472519,07300213;1549346,97096225;913334,412753463;632060,019062344;2469738,96347458;4021866,04396438;726803,774859758;562961,701805246;180904,669738373;7218408,78229872
2002-07-01;2508472,71336121;1573167,21080246;924217,08524419;644446,634930258;2503245,94465219;4081639,92416367;761108,669879452;570977,69424811;170934,152294102;7345994,53869531
2002-08-01;2513763,877673;1642769,82935609;973680,808594493;650754,422408324;2539301,20364082;4156533,70702909;736924,564202621;564089,236651404;175436,79620346;7432759,47487253
2002-09-01;2555332,77724722;1641129,3942023;993169,174286507;645556,148922108;2564968,2609384;4196462,17144952;768534,177869423;589666,593242126;180801,062074903;7529964,61025734
2002-10-01;2654074,64264013;1689089,49161828;1020709,02792584;660418,459591586;2629328,92952862;4343164,13425841;739208,683923997;578494,666434084;165845,871779266;7711701,74771103
2002-11-01;2589234,30563381;1676352,22933773;997180,619740719;682485,649031732;2568256,25122362;4265586,53497154;747793,140986518;574317,699419705;179860,399803528;7581635,92718168
2002-12-01;2556249,2445982;1784561,83817567;1066701,86889434;712167,416008854;2583222,61091294;4340811,08277387;703388,354451647;541323,094779311;166369,210743892;7627422,04813846
2003-01-01;2521639,16907286;1704744,10909459;1047021,35690169;675692,156118853;2496953,68860612;4226383,27816745;724158,807021517;533036,983774204;184014,7201535;7447495,77379509
2003-02-01;2526158,2249848;1632116,27762541;1032900,47314633;616925,762016509;2538154,9165049;4158274,50261021;773115,371310435;563754,693480476;204833,742647801;7469544,79042555
2003-03-01;2557122,95292325;1682098,97593115;1062564,53729324;637682,394897968;2637666,95018067;4239221,9288544;778761,740596862;544172,7696332;232818,68479142;7655650,61963193
2003-04-01;2582014,38509925;1730262,77761395;1090688,90819199;648983,5146881;2599724,18932829;4312277,1627132;725238,723884006;485392,234150701;231111,64199732;7637240,0759255
2003-05-01;2639660,85880545;1744389,6718052;1099999,1415269;648687,649129559;2711222,23480505;4384050,53061065;712255,406854488;501002,001959993;213334,224393053;7807528,17227019
2003-06-01;2664940,5831744;1789460,40869729;1140194,49316408;644157,385994075;2770170,86400301;4454400,99187169;747387,260612101;528701,492352116;229391,720881779;7971959,1164868
2003-07-01;2667014,08883586;1748066,5243227;1120580,22623157;625721,869026894;2749114,86185404;4415080,61315856;739471,007405189;472840,162559561;255672,230981323;7903666,48241779
2003-08-01;2682397,3579024;1767891,37898474;1115623,04188281;642560,269950366;2766794,1451518;4450288,73688714;643987,674639828;422502,150518105;224227,949737611;7861070,55667877
2003-09-01;2574425,75232064;1816471,40470779;1142557,86527651;669572,136015237;2675262,70938858;4390897,15702843;662055,965994976;432003,109292855;231157,818813362;7728215,83241199
2003-10-01;2496135,4998919;1795786,27387452;1110437,96882466;678903,685367366;2614577,38170904;4291921,77376642;516102,230324615;291579,438322402;232232,150805851;7422601,38580007
2003-11-01;2583785,78158932;1803121,78655492;1114330,49305627;692231,609537115;2681159,28017403;4386907,56814424;603082,375288593;398353,947835352;214064,698174202;7671149,22360686
2003-12-01;2633569,61220585;1842594,28849818;1136118,19811184;696174,317974778;2736567,83105498;4476163,90070403;738322,221997328;517980,70916275;221051,611900922;7951053,95375634
2004-01-01;2653262,70302215;1847545,68362501;1169669,85658453;697493,204141168;2842179,45463935;4500808,38664716;570867,740962471;359255,909360901;204315,846531869;7913855,58224898
2004-02-01;2658175,5837015;1951390,74585487;1187960,543424;715035,33621093;2840728,10842696;4609566,32955637;623713,108708258;404962,217789282;211134,513689212;8074007,54669159
2004-03-01;2707808,28862971;1950050,23796255;1226743,42536225;715310,053653953;2848544,64335831;4657858,52659226;574339,286461791;375419,258458696;196392,939276689;8080742,45641236
2004-04-01;2720482,69221888;1847397,17519273;1121675,60649475;719853,301851712;2887222,07877359;4567879,86741161;637964,234011475;435645,958806451;204844,341745385;8093066,18019667
2004-05-01;2703233,02344466;1967855,99792491;1248218,53000216;732004,752425663;2873618,88327729;4671089,02136957;627472,694369705;410423,630545519;208096,77857128;8172180,59901657
2004-06-01;2844104,55847241;1928842,52315455;1167710,26375063;751155,271030773;2984339,15689049;4772947,08162696;623057,514447636;425229,181376125;202338,657926025;8380343,75296509
2004-07-01;2777706,78481784;1967040,25409131;1176415,67224351;783623,749070476;2884793,22822966;4744747,03890915;607987,43347013;431725,973508592;173824,965059132;8237527,70060894
2004-08-01;2779871,4632729;1943298,18576225;1165351,30348272;766819,808869109;2844699,13231838;4723169,64903515;640277,524214663;448784,264509157;194509,370543965;8208146,30556819
2004-09-01;2771446,82117453;1965037,90389481;1190982,48777071;767904,619717783;2851814,12465936;4736484,72506934;546704,135348611;370777,146724893;177311,510032897;8135002,98507731
2004-10-01;2657003,48709523;1986618,00259098;1213739,701437;779747,502290511;2857393,63059816;4643621,48968621;512420,565468908;335663,098898237;185918,887674117;8013435,68575328
2004-11-01;2751547,82167669;1988663,01837304;1252331,53924832;732410,135588322;2879878,1466187;4740210,84004973;609811,180301885;366694,801142877;251843,147167578;8229900,16697032
2004-12-01;2777135,71646347;1993204,73463672;1250427,45009814;732618,157229345;2910605,11386319;4770340,45110019;608249,154034909;364784,812662928;242848,031919759;8289194,71899829
2005-01-01;2564808,5331904;1839347,04114928;1153693,3794563;705634,185233089;2858803,92326448;4404155,57433968;563613,644295759;320591,259322696;236194,822510696;7826573,14189992
2005-02-01;2823351,75443759;1987856,36472747;1279463,60477239;729611,154177334;2968547,61525208;4811208,11916506;553161,441364146;357846,588157077;188042,924158685;8332917,17578129
2005-03-01;2783247,01535061;1983805,84081538;1222564,25337101;744138,909134934;2919461,93441239;4767052,85616599;596488,58482833;368511,938309628;237688,436009262;8283003,37540671
2005-04-01;2794018,86162425;1969797,80104325;1229107,08177041;747795,907867388;3017648,2386739;4763816,6626675;631371,883165013;352533,907023545;275455,487565869;8412836,78450641
2005-05-01;2724801,39783023;1720215,53225471;1116145,5557223;611880,631063751;2941822,0345731;4445016,93008494;708626,793755512;444844,192955794;246967,497439207;8095465,75841355
2005-06-01;2587933,59689134;1793581,88821006;1099646,12282327;682305,655946341;2754103,7062289;4381515,4851014;555596,387462268;352235,163105885;200948,682379313;7691215,57879257
2005-07-01;2385486,87149778;1762136,27619795;1127802,02293458;624511,871076201;2587217,84030896;4147623,14769573;394218,15205037;248361,927785294;147970,276066235;7129059,14005506
2005-08-01;2497941,2683967;1884091,84120539;1213796,53194796;655422,660150712;2615728,40172585;4382033,10960209;511229,70535238;320342,013065362;196845,841694467;7508991,21668032
2005-09-01;2540154,34546195;1835313,00411899;1143490,41487045;683265,190821948;2766462,39504697;4375467,34958094;506759,52986043;315222,004432378;193581,125377539;7648689,27448834
2005-10-01;2605213,46950879;1878824,3607454;1205751,23101713;692959,431045367;2889502,53541097;4484037,83025419;604190,989989069;435724,426828071;178242,707627992;7977731,35565423
2005-11-01;2621103,29824152;1949759,75711291;1203726,74099005;745679,548734362;2794144,48339665;4570863,05535443;491888,188650544;341969,786916187;158721,727396043;7856895,72740162
2005-12-01;2667118,93422349;1968550,53280139;1205893,30894378;762227,803056312;2735135,69318998;4635669,46702488;505603,452412083;322158,994122146;182757,928422401;7876408,61262694
2006-01-01;2575002,21669838;1989119,24152256;1240418,88107214;762844,076553642;2662146,84700636;4564121,45822094;551614,6527319;352113,903176688;194165,972759841;7777882,9579592
2006-02-01;2392433,5513017;1800442,45298035;1063171,20415059;760793,180565458;2449596,74814777;4192876,00428205;540305,807142239;365864,612714296;166419,908706385;7182778,55957206
2006-03-01;2483527,15631174;1834583,98962629;1055621,58405178;765115,812905516;2594403,27893818;4318111,14593803;555556,744303712;372846,287158066;176011,767992157;7468071,16917992
2006-04-01;2506442,35160558;1904132,01113374;1149640,54503148;758918,787901697;2643946,33413688;4410574,36273932;517552,648567414;330827,747390547;202889,300692807;7572073,34544361
2006-05-01;2494106,54418304;1903022,72489444;1157247,31957476;752354,312374436;2549546,25724305;4397129,26907748;522825,561571975;317630,65603981;180758,503115726;7469501,08789251
2006-06-01;2484695,87815317;1981069,44477073;1219572,46012909;739364,652208418;2636407,28521262;4465765,3229239;479354,800915401;274254,70667843;200376,798013954;7581527,40905192
2006-07-01;2579372,68015604;2042035,81397143;1276814,82289959;771963,506685138;2788171,81445018;4621408,49412747;501132,884591965;331257,308682537;172625,260237834;7910713,19316962
2006-08-01;2636491,1489457;2006794,20585508;1255661,49442931;758733,297421768;2791404,69241326;4643285,35480078;558477,817517174;363881,656397198;205895,261723522;7993167,86473121
2006-09-01;2671712,92725973;2034011,39122913;1295533,20458615;742003,552606256;2840532,41212301;4705724,31848886;551680,968725144;368403,772899771;186517,420397907;8097937,69933701
2006-10-01;2688066,15990003;2019523,26896742;1266976,09214386;738219,811350017;2821053,22151431;4707589,42886745;553792,031251434;332251,125991431;230520,438377099;8082434,68163319
2006-11-01;2690165,03208491;1955162,37617708;1230275,23098689;753483,289100929;2797790,65638301;4645327,40826199;545990,906463721;329658,258061576;225856,721240963;7989108,97110872
2006-12-01;2686140,56358492;1982445,68698318;1218020,8431811;776340,75658171;2832733,06435106;4668586,2505681;514160,496912682;324645,472019816;186426,571199472;8015479,81183184
2007-01-01;2727186,1312613;2057707,77505854;1298057,136484;792264,400281163;2902336,75590113;4784893,90631984;472787,243565962;317480,057981706;151667,581300843;8160017,90578693
2007-02-01;2797413,46028033;2099189,83371505;1334069,95961937;781257,623281333;2943485,75064877;4896603,29399538;532974,334260555;313176,232535687;213653,679507957;8373063,37890471
2007-03-01;2822771,07728478;2179365,22897304;1364841,64309794;804170,434570627;2966065,81714106;5002136,30625782;486004,542640258;322352,160741452;156925,555656919;8454206,66603914
2007-04-01;2804097,22080387;2127350,6843273;1318456,02958406;808957,953090114;2999162,71909024;4931447,90513117;440692,328524259;303135,288728092;148007,446883522;8371302,95274567
2007-05-01;2897404,73181241;2158504,85545571;1327420,40658865;835336,17895955;3066261,2088997;5055909,58726812;550564,253996793;342709,776379552;183767,100060897;8672735,05016461
2007-06-01;2822017,43255521;2197675,29840033;1348606,72559074;840595,968510351;2948998,83950049;5019692,73095554;414597,780033938;266199,43736838;142058,151867101;8383289,35048997
2007-07-01;2693339,80263386;2112097,37298745;1278292,83526189;820178,141876333;2792978,94389017;4805437,17562131;437073,832473301;273382,427487758;168035,216905481;8035489,95198478
2007-08-01;2727613,12662908;2054372,69545436;1199836,12828218;841274,680841607;2849571,28925678;4781985,82208344;428327,180029464;301078,584192552;143432,610858699;8059884,29136968
2007-09-01;2751117,17847555;2096382,92401288;1248200,82875322;852646,418834582;2869404,17584377;4847500,10248843;430594,084374191;279137,872733239;155483,238638607;8147498,36270639
2007-10-01;2779541,02138357;2158513,84059337;1251983,06292853;797010,161806017;2937457,06154244;4938054,86197694;495998,331561998;348071,651242231;154452,319151375;8371510,25508138
2007-11-01;2870691,20561883;2244393,23363489;1340432,57071396;863826,992692698;3110666,55086052;5115084,43925372;559865,188511163;389859,414165479;179656,029954968;8785616,1786254
2007-12-01;3107847,88028629;2339015,42204871;1364999,22834321;960419,45909703;3168415,68692242;5446863,302335;576017,438155818;405023,187935773;167191,269809511;9191296,42741324
2008-01-01;3026500,532683;2320376,82971341;1376532,53790877;946501,217930816;3285875,64683425;5346877,36239641;581301,903599923;416227,11813892;160472,54857853;9214054,91283058
2008-02-01;2915570,7129683;2262982,06448784;1294209,80332797;919874,400974965;3159714,2401722;5178552,77745614;547616,216822922;398032,731141416;145424,756527302;8885883,23445126
2008-03-01;3015162,64661948;2245106,93323608;1318088,92647857;916763,486382128;3116318,39406493;5260269,57985556;545119,251351237;363534,274292495;181000,207812192;8921707,22527173
2008-04-01;2988778,07893415;2214627,75228965;1279046,32924312;918652,932179225;3058485,96346064;5203405,8312238;594415,078322187;411780,852867962;181499,811672347;8856306,87300663
2008-05-01;2964148,75755252;2168974,33440211;1245623,16586779;894651,959110954;3060279,30640865;5133123,09195463;556797,120228834;365871,056042247;167108,387512888;8750199,51859211
2008-06-01;3005050,84530156;2098608,93216683;1220235,23222137;868173,542680574;3125172,08288436;5103659,77746839;609600,121972055;416441,200519036;189723,660125974;8838431,98232481
2008-07-01;3036044,66372017;2137826,21715085;1192337,82963952;921300,361048929;3128725,93982937;5173870,88087102;641420,44775144;466046,331807767;181586,075316055;8944017,26845183
2008-08-01;2893553,12684689;2123266,531682;1204687,16815435;917311,005541861;3103803,91283206;5016819,65852889;645683,078540793;521137,154761641;143375,675795968;8766306,64990174
2008-09-01;2911266,74610554;2092588,81154042;1144132,18189286;947254,898247606;3029746,42513065;5003855,55764596;496442,837935891;359722,408459954;141402,380893139;8530044,8207125
2008-10-01;2751041,03240667;2218348,52803648;1291159,57557235;935005,804371415;2670716,25438479;4969389,56044315;426785,554281192;322458,982651336;108070,66845119;8066891,36910913
2008-11-01;2328527,79756387;1756044,35812512;1056389,11282507;720519,667905298;2329828,2967173;4084572,15568899;310063,878581264;253922,474331541;64511,5642234128;6724464,33098755
2008-12-01;1816153,72000504;1081007,61683614;624347,669830496;465210,143272386;1818316,28527317;2897161,33684118;141284,149432864;113937,043764979;21866,8608567134;4856761,77154721
2009-01-01;1684659,99801379;1113675,44052738;539359,123343445;574569,075704706;1755843,89901982;2798335,43854117;347556,300352632;258230,218838699;83247,047963671;4901735,63791362
2009-02-01;1959645,95660574;1349539,4783557;786759,685480192;578868,066725292;1853616,8796385;3309185,43496144;495351,063280065;391631,338131363;100239,250196435;5658153,37788001
2009-03-01;1749132,44150489;1300630,65369393;742378,509058622;552528,152364916;1734826,08875147;3049763,09519882;316131,228036882;181607,948967228;119112,396539949;5100720,41198717
2009-04-01;1832213,42155958;1487007,7295187;848427,88641029;632826,738487346;1686121,08313097;3319221,15107828;350933,907596972;238968,4098898;124893,19753666;5356276,14180622
2009-05-01;1872374,19672155;1539071,88204441;888969,189556698;654087,416104617;1754660,14163346;3411446,07876596;369582,724172338;271475,487176833;79677,930305394;5535688,94457176
2009-06-01;1994173,3917671;1636443,46895457;948938,236681693;682098,914976889;1754763,07402542;3630616,86072167;513825,014594505;370295,498281509;141163,12603757;5899204,9493416
2009-07-01;2290081,10990256;1792791,76169413;1076162,70171133;686619,722132683;2159564,38353063;4082872,87159669;474905,153885062;337143,759496245;144019,330711971;6717342,40901238
2009-08-01;2432897,33937149;1845350,78656614;1114063,05294454;736830,009326533;2303834,62263303;4278248,12593763;611561,616865389;484888,082365383;144688,911471142;7193644,36543605
2009-09-01;2628846,84103386;1923464,42889176;1169085,42851244;756541,246400201;2435849,31063228;4552311,26992562;586679,074980054;428017,466436832;162481,072399458;7574839,65553795
2009-10-01;2618429,63354475;2038283,47979207;1225568,12323142;820904,394228099;2520410,89687422;4656713,11333682;495389,543030643;388253,197118353;108438,554470217;7672513,55324168
2009-11-01;2716064,18905011;2040314,66447532;1212068,98891727;845590,881804494;2694797,92408222;4756378,85352543;438972,500116156;347327,417550923;99117,299897464;7890149,27772381
2009-12-01;2797634,33196194;2196196,36901636;1339104,45324969;866344,894435146;2666764,74247677;4993830,7009783;462068,818604411;393919,764837922;63155,211955893;8122664,26205948
2010-01-01;2771683,97792568;2195945,23843019;1332076,83439859;868220,470262086;2777562,84097535;4967629,21635587;519335,914750582;390860,334633198;119559,690516496;8264527,9720818
2010-02-01;2731564,83709304;2153840,60366393;1290538,22194981;873326,99965017;2705490,49383119;4885405,44075697;448291,432389298;339367,498862835;113399,226565188;8039187,36697746
2010-03-01;2857070,98455103;2219074,66147019;1328602,4516223;882845,116270818;2796326,4967945;5076145,64602122;490505,503992488;392812,497328229;99998,220217956;8362977,64680821
2010-04-01;2750269,95864956;2162502,2969848;1291551,22467969;870328,070956209;2640306,84522473;4912772,25563436;482059,981540149;409780,70325231;89505,3866859809;8035139,08239924
2010-05-01;2815977,70138099;2201500,85267463;1334055,14061308;867803,742501977;2615393,97956769;5017478,55405562;490353,419251684;400216,16951181;75114,2616880525;8123225,95287499
2010-06-01;2888154,9534593;2294861,26543351;1413388,23610407;878950,843606798;2683870,11524049;5183016,21889281;455836,909371821;369044,092399916;87369,6458920066;8322723,24350512
2010-07-01;2671268,45043445;2324416,64135697;1365577,56546908;929184,152964935;2519893,70746607;4995685,09179142;400931,667803321;332225,977015149;73671,5821654282;7916510,46706081
2010-08-01;2716753,74646083;1901107,48075945;1112431,61664228;795636,416277022;2459607,6837432;4617861,22722028;479074,369153544;390008,774337455;104555,773438896;7556543,28011702
2010-09-01;2639836,97603339;1974514,47458099;1173538,67315278;803551,155008794;2554755,85732501;4614351,45061438;562916,422309789;452483,65103878;113905,207515678;7732023,73024918
2010-10-01;2775096,99656991;2049458,33202717;1224316,90896618;832957,752976899;2642730,78499171;4824555,32859708;574281,494154225;433398,2078483;141265,110155693;8041567,60774301
2010-11-01;2715783,79698418;2040390,78202825;1202860,92126116;847713,664504665;2170108,37906302;4756174,57901243;651053,987318994;516743,328404996;139765,894378004;7577336,94539444
2010-12-01;2671944,10488598;1929083,9319956;1127320,39645455;812605,902746657;2043452,74089831;4601028,03688158;618482,767193219;446145,48495746;166400,929549268;7262963,54497311
2011-01-01;2848507,39901942;2091916,32302634;1223098,51730709;875211,889478495;2312112,09445831;4940423,72204576;535590,169116222;392501,485679016;134959,61679085;7788125,98562029
2011-02-01;2952833,75185835;2207002,8242599;1295683,1771981;919581,629666293;2385581,28347416;5159836,57611825;632702,646498741;527545,575197443;98382,8244332166;8178120,50609115
2011-03-01;2998095,19335865;2213797,61130731;1272084,41295437;939425,510903098;2376399,73398701;5211892,80466596;671818,022408294;559327,754490385;97577,7538039775;8260110,56106126
2011-04-01;3060213,95561367;2173144,160939;1290352,64975127;885001,053024514;2824372,48156528;5233358,11655267;679525,048902645;598567,342942818;106230,167706141;8737255,6470206
2011-05-01;3216127,16192134;2169100,9966242;1242459,86792535;919086,712623268;3085869,76419231;5385228,15854554;738724,030823674;628280,181894525;109858,530550744;9209821,95356153
2011-06-01;3039757,0532246;2111579,6391104;1186118,20517161;926643,023105071;2744152,90258532;5151336,692335;658832,994274666;568198,670289059;88306,1779583394;8554322,58919499
2011-07-01;2937374,52472262;1969245,14085933;1035559,14482992;909054,646027765;2304925,40094219;4906619,66558195;855769,045628447;756648,666360954;103709,290479762;8067314,11215259
2011-08-01;2869934,83084584;2072997,29087023;1200387,94161476;878350,464044994;2203726,90756476;4942932,12171607;657402,354135635;563171,544811112;103698,898494642;7804061,38341647
2011-09-01;2809045,50099463;2097882,44712911;1164679,95244318;930180,457942923;2063909,04806256;4906927,94812374;619880,714453872;517571,72053537;103509,530086648;7590717,71064017
2011-10-01;2720494,04451928;2040006,37465509;1104946,76249144;940888,538193175;2104378,30096439;4760500,41917437;667611,123424856;559832,743387507;106033,79178733;7532489,84356362
2011-11-01;2873974,00553186;2026003,49011282;1115087,4468802;915869,376581066;2291725,53052195;4899977,49564468;643857,21786976;521240,495713418;125295,813382117;7835560,24403639
2011-12-01;2929381,0232417;2107171,60811215;1169052,25712576;955450,547402206;2271587,56285883;5036552,63135385;665851,605857429;547782,480072849;114285,519286846;7973991,80007011
2012-01-01;2876035,53787388;2084420,77803338;1160109,36772685;932881,081115154;2306572,82082868;4960456,31590726;707755,332679641;585057,243746904;112484,465434754;7974784,46941558
2012-02-01;2946540,01610556;2212419,6756587;1231166,86837639;920272,376866511;2365030,10689722;5158959,69176426;660774,179510493;534578,563896634;120291,659064605;8184763,97817197
2012-03-01;3077327,42444945;2145870,93983844;1246322,79101483;903377,285577417;2428823,89544398;5223198,36428789;708423,390994799;581839,710699113;120564,766843946;8360445,65072667
2012-04-01;2991026,12467674;2108878,40309496;1194864,07414314;921124,413771049;2303412,82601336;5099904,5277717;716062,776551048;644436,180677153;91946,2217421664;8119380,13033611
2012-05-01;2785979,29679597;2122741,46984884;1233316,15919225;874420,05536388;2175151,30398296;4908720,76664481;585559,208629473;482984,644137875;100878,078509491;7669431,27925724
2012-06-01;2786566,62928756;2112279,89390362;1231117,57301678;885706,823150011;2112922,17842775;4898846,52319118;574970,020308751;496117,555974446;74462,5564270593;7586738,72192768
2012-07-01;2842588,10781282;2155541,79044504;1218366,05830669;914048,22409052;2194456,9688831;4998129,89825786;547507,242970403;480982,779164984;73094,129072839;7740094,11011136
2012-08-01;2754954,44201271;2149758,38268691;1218836,62391811;935683,512567154;2098430,45075223;4904712,82469962;470416,149209482;403392,120665851;71707,3117289285;7473559,42466133
2012-09-01;2809735,6623815;2159670,92182527;1245850,09405492;907268,294570194;2137048,42645038;4969406,58420677;445920,430540627;380649,195235774;66175,746248524;7552375,44119778
2012-10-01;2917617,18447545;2140462,62294801;1266084,60875545;873849,659476764;2304454,3942579;5058079,80742346;569591,423656534;463467,107928783;100389,711689272;7932125,62533789
2012-11-01;2900481,00236583;2178978,3093744;1319557,93893399;859699,193360929;2238855,94756262;5079459,31174023;584475,845509616;475530,957139494;109131,21757162;7902791,10481247
2012-12-01;2788582,87479433;2147550,93201989;1290629,99136961;886253,05927914;2248506,97869562;4936133,80681422;550260,912870431;459757,279068556;87565,0592361605;7734901,69838027
2013-01-01;2849124,29601248;2155831,14331726;1253010,81593512;909519,244233843;2261533,39048546;5004955,43932974;530644,443814167;437727,240252033;83320,9302917513;7797133,27362937
2013-02-01;2800162,13699614;2045272,36004945;1225698,14315551;826043,921444491;2209160,18609604;4845434,49704559;566113,934105476;489662,962495213;70147,6116192757;7620708,61724711
2013-03-01;2796524,7701851;2096438,38055057;1190940,43541048;907622,350050356;2113672,24506628;4892963,15073567;515221,741841469;419889,296376958;101951,627615485;7521857,13764342
2013-04-01;2868000,97152767;2132529,97260236;1210815,89598922;932502,344315158;2248166,33500124;5000530,94413003;498476,67524758;412923,687032043;97012,739586308;7747173,95437885
2013-05-01;2922403,89722047;2291605,18276325;1294954,53218599;979826,493865183;2220183,35347308;5214009,07998372;439365,867720531;348628,424061055;95005,6611063068;7873558,30117733
2013-06-01;2868764,52023889;2265347,90429727;1292870,78635676;976311,263124457;2124929,99074339;5134112,42453616;352627,521061705;288229,830407477;55810,9650569589;7611669,93634125
2013-07-01;2793370,71685503;2198096,69579855;1218949,89302479;961150,423559666;2138751,13838304;4991467,41265358;459913,379834149;355284,923791152;112889,569681218;7590131,93087077
2013-08-01;2874400,98074688;2191193,8008237;1249096,94688382;945827,112370004;2223501,34032247;5065594,78157058;468542,14786881;368344,822621046;104674,367518197;7757638,26976186
2013-09-01;2943015,38488891;2215083,35155067;1254239,85645361;940924,869629996;2207275,2458585;5158098,73643958;498495,358255153;394612,617600914;105741,526206541;7863869,34055323
2013-10-01;2785990,35917599;2203946,55928076;1271524,22912599;931015,194489984;2134029,819823;4989936,91845675;406649,120076252;330163,24059789;68944,6218277103;7530615,858356
2013-11-01;2841402,08436514;2208747,08753508;1228188,53403917;982273,204873855;2154724,54871783;5050149,17190022;442055,603354893;374928,902970977;61830,4815247027;7646929,32397294
2013-12-01;2864979,12063011;2269150,63295411;1334640,24011887;968240,91450104;2159290,50284262;5134129,75358422;433940,13940042;363296,956197155;66527,0925276865;7727360,39582726
2014-01-01;2819735,09051976;2115249,13829034;1186415,42551088;944255,966884158;2163441,19244424;4934984,2288101;459354,38463;423421,465578055;26929,623480485;7557779,80588434
2014-02-01;2836016,03262268;2086401,69551796;1176082,225922;914293,02953899;2157145,6727227;4922417,72814064;529788,479317358;463837,814665468;61307,4480628173;7609351,8801807
2014-03-01;2876891,94407664;2146854,44464821;1204511,09079385;949125,188186779;2244443,69682052;5023746,38872485;459833,353348659;425357,518989115;31804,0301105499;7728023,43889403
2014-04-01;2764597,70235301;2154715,25979125;1246228,7761469;915108,81714954;2052148,06340601;4919312,96214426;467388,35428108;466283,509384686;19877,0320083351;7438849,37983135
2014-05-01;2801015,80540779;2051999,48072762;1135539,83408025;901277,828405842;2156134,75983669;4853015,28613541;522241,479312504;482295,448862001;47702,9896047542;7531391,5252846
2014-06-01;2778521,68384597;1969667,07913365;1143021,6543947;821126,629492229;2233729,10425795;4748188,76297962;664611,270226709;587254,371232312;67650,1243694644;7646529,13746428
2014-07-01;2865409,35059473;2045564,95244805;1177480,90173863;858209,282930963;2295557,75854615;4910974,30304278;586876,425305837;561767,393626106;39430,8757744647;7793408,48689477
2014-08-01;2859984,13648886;2044087,26000466;1191493,5269335;854931,729688394;2353259,39436049;4904071,39649352;646772,442516062;608088,554947664;43820,7542391753;7904103,23337007
2014-09-01;2839102,48562318;2204888,91722663;1269027,78368406;906953,990752231;2398199,99171704;5043991,40284981;648512,848148745;603377,274859364;46677,7949465533;8090704,2427156
2014-10-01;2866543,97025866;2075335,64687818;1183110,04248174;888540,664494305;2310712,5618577;4941879,61713684;697548,846544681;650829,722389537;39927,6636912747;7950141,02553922
2014-11-01;2759942,13838829;2031044,50193399;1156641,83737251;876606,444884237;2229129,93556528;4790986,64032228;630845,251908829;579530,798356711;40209,1244140817;7650961,82779639
2014-12-01;2850171,99195025;1973726,10643711;1165440,60482384;851596,904569044;2403879,15754167;4823898,09838736;674594,240291517;630484,617138744;35843,2323203438;7902371,49622055
2015-01-01;3030060,43134623;2084378,89484167;1269040,05445021;837188,088544619;2544599,36974563;5114439,3261879;608953,351774097;542276,05047884;58500,197453625;8267992,04770763
2015-02-01;2877801,85813462;2082107,90554934;1208121,69207271;877504,612387933;2385790,02468362;4959909,76368396;678978,317696013;607561,378029607;69372,588637896;8024678,10606359
2015-03-01;2704045,94711877;2043109,79973089;1216625,60719906;825184,705033697;2286453,01037488;4747155,74684966;504480,012198594;458092,91108383;61194,0205713211;7538088,76942313
2015-04-01;2862638,32741399;1977593,62267484;1159482,45734931;825979,882479493;2366454,41677445;4840231,95008883;705077,209273073;605441,273228031;98798,142521862;7911763,57613635
2015-05-01;2892356,21225723;1896594,67953071;1096224,32089344;788150,434044661;2440484,50375955;4788950,89178794;848997,988391023;761280,254872262;97810,3914363922;8078433,38393851
2015-06-01;2859855,03285359;1864519,90580236;1157837,6503508;695444,651688288;2392482,60071624;4724374,93865595;880764,952855015;743190,16661099;123564,298660532;7997622,49222721
2015-07-01;2788493,07000824;1871872,14827575;1106392,99981439;761033,672040482;2321116,38200537;4660365,21828399;873564,098493308;737451,937330235;157234,935104769;7855045,69878267
2015-08-01;2705203,69361961;1798582,71981703;1014769,41435883;780349,994183438;2282065,25909879;4503786,41343664;844927,037855752;748158,258968673;103244,416389644;7630778,71039118
2015-09-01;2461576,13429891;1700780,15705351;1008891,26861288;662444,591486694;2186002,62826107;4162356,29135242;794091,045710123;702789,670664927;92828,2849978392;7142449,96532361
2015-10-01;2786346,68624299;1756243,92033832;982033,155783001;772484,903768762;2309529,5374402;4542590,60658131;757554,063644638;706254,565920647;49025,954127489;7609674,20766615
2015-11-01;2633320,89223071;1818440,05679377;1043751,34968454;772163,207117546;2215628,61205962;4451760,94902448;836043,983411057;704824,459886019;114560,27250366;7503433,54449516
2015-12-01;2684633,28084396;1775920,11837342;1134005,50710435;690189,818128348;2243359,59487044;4460553,39921738;774615,187400928;652247,208754354;111516,421546183;7478528,18148875
2016-01-01;2518343,64964989;1690494,16328111;991530,095419201;728925,696227216;2152920,37244755;4208837,812931;779414,061954468;624961,723471545;144755,293940071;7141172,24733302
2016-02-01;2561929,45965908;1797652,96223425;989915,605907639;744093,083001485;2155685,74119168;4359582,42189333;723896,722687958;580908,343295859;143002,133094884;7239164,88577297
2016-03-01;2491311,40079127;1666854,43447927;933958,786947143;724672,274291872;2073202,45186455;4158165,83527054;743037,048039984;640896,348460873;116389,04682938;6974405,33517507
2016-04-01;2260018,30235251;1569513,51557878;836776,875254055;744222,926397561;1887899,92409492;3829531,81793129;739147,986890508;617060,637037504;117827,599342971;6456579,72891672
2016-05-01;2538871,15297245;1738193,02998906;941318,143194618;783889,087597529;2103454,66656831;4277064,18296151;812936,612348275;710121,676508618;113845,496323232;7193455,4618781
2016-06-01;2655012,38257158;1823547,30503447;1000954,40591625;810486,196222678;2196970,09431945;4478559,68760605;719781,67666359;599419,948624408;107365,276455689;7395311,45858909
2016-07-01;2769460,6063366;1888425,5351871;1093986,48426666;795193,0865791;2319791,85976185;4657886,1415237;744516,029023554;661046,883601254;109285,022538997;7722194,0303091
2016-08-01;2909184,39835645;1862186,29905378;1058798,43074282;788573,925460996;2334032,44286399;4771370,69741023;875608,304688605;774114,727724794;106463,640598899;7981011,44496282
2016-09-01;2764144,23432364;1833853,84581726;1077877,31159565;733036,669729598;2282379,59748828;4597998,0801409;790968,250573257;692478,979808539;98877,0384542565;7671345,92820244
2016-10-01;2766833,82288907;1813880,5924307;1117869,78361858;697181,454323422;2347124,90932419;4580714,41531977;775574,300282547;653667,659089642;123036,329431047;7703413,62492651
2016-11-01;2729938,22346939;1759486,92719955;1087115,27878372;666225,414022901;2337511,04580018;4489425,15066894;747613,90315195;585223,666903415;143250,774397803;7574550,09962107
2016-12-01;2595989,7451536;1673826,70660502;1097010,6914862;630905,222962913;2158249,32559813;4269816,45175862;983635,246267227;760367,442300932;215073,144779467;7411701,02362398
2017-01-01;2854253,49971744;1850092,99757881;1090251,40085246;781583,756885946;2302107,1466093;4704346,49729625;848142,050806614;770232,51442287;64818,3329934396;7854595,69471216
2017-02-01;2807588,54891311;1801158,30115943;1107605,81938295;691919,481928959;2284549,29878733;4608746,85007254;807006,225250563;702137,441744817;107050,980705168;7700302,37411043
2017-03-01;2806361,46353183;1821974,48022449;1113143,6860063;704982,267847004;2374630,8514072;4628335,94375632;845224,777196072;701724,256449107;143317,685341782;7848191,57235959
2017-04-01;2894606,90826637;1870703,145697;1150295,70655279;732555,821440103;2406644,56473875;4765310,05396337;876411,082343278;749685,911545541;134673,702645624;8048365,7010454
2017-05-01;2921063,06491492;1831066,30080201;1115237,70385128;703906,216133169;2508628,01441783;4752129,36571693;759073,237677804;678606,880834906;88404,0161175114;8019830,61781256
2017-06-01;2749579,82968517;1873557,30073724;1128491,7771282;734743,486204915;2338803,39523829;4623137,13042241;771641,364199391;654039,709843716;108349,395303118;7733581,88986009
2017-07-01;2800333,71417613;1849002,20513277;1131399,68256428;714653,031450013;2300070,23625464;4649335,9193089;698684,371983944;630734,937554982;89586,0542165309;7648090,52754748
2017-08-01;2950418,14659983;1926196,71596499;1196289,05715558;711751,931516197;2432150,74436343;4876614,86256482;838117,652297288;725529,703817821;117904,325346316;8146883,25922554
2017-09-01;2976607,4509962;1852225,07361951;1117891,31249539;724644,464712206;2444632,42934258;4828832,52461571;899470,198438574;782963,854088317;117297,97981804;8172935,15239686
2017-10-01;2912898,70740014;1980147,65006512;1203048,3157519;775916,377891784;2365654,74863801;4893046,35746526;918958,622087643;755736,623289971;169441,469370086;8177659,72819091
2017-11-01;3090969,85350571;1979411,73109342;1184635,5643825;792544,931985566;2458863,59883656;5070381,58459913;844246,776369295;727225,364874522;97506,4279940997;8373491,95980498
2017-12-01;3035184,21564295;2057402,47095478;1168772,95820505;931957,46258909;2372228,60741442;5092586,68659773;886404,252630804;762303,596134525;118526,134869649;8351219,54664295
2018-01-01;2876158,30781764;1957625,94611017;1183485,73172921;791357,203084588;2355144,24600605;4833784,25392781;875546,542497225;739469,144499932;120423,286330512;8064475,04243108
2018-02-01;2950500,1454619;1945330,59759134;1166281,6789523;771828,598223598;2371836,80034843;4895830,74305324;814382,50453707;696173,000858147;122260,699512487;8082050,04793874
2018-03-01;3077438,46144822;2016893,9727306;1187385,39837328;824178,742677829;2398152,34267398;5094332,43417882;799583,254057574;716190,757066817;94022,2135620759;8292068,03091037
2018-04-01;2921804,16353652;1989892,06510078;1224774,62886103;783648,581074275;2399304,41239184;4911696,2286373;826887,164093797;708004,175825412;113539,557860966;8137887,80512294
2018-05-01;2715245,70725191;2006956,01185043;1285874,22333496;715088,647597927;2267134,36911349;4722201,71910234;826682,969771216;722183,921253443;108225,153882072;7816019,05798705
2018-06-01;3032532,85287846;1982425,37513951;1188911,62060855;789570,735774251;2443881,71749616;5014958,22801797;794953,990002188;743829,22610057;49076,9363732958;8253793,93551632
2018-07-01;3072725,85820754;1939464,31089371;1152480,12951308;777955,636019565;2461823,9411969;5012190,16910125;904892,467069644;841902,83860488;79516,9099663303;8378906,57736779
2018-08-01;2891157,16178606;1864926,99920005;1072629,8369494;774666,344855139;2349482,10366543;4756084,16098611;882905,184079763;790150,511259177;94610,580123083;7988471,4487313
2018-09-01;3079616,31191774;2050581,43715449;1255828,2574088;797320,427631744;2554867,81304841;5130197,74907223;783045,67015621;686281,375616188;96318,5718252415;8468111,23227685
2018-10-01;3081884,9911067;1983782,68595793;1187253,41277241;792015,295340997;2451797,70155634;5065667,67706463;877339,777973026;803738,164197852;81544,7866885586;8394805,156594
2018-11-01;2872818,19099289;2040600,58927578;1232784,57549475;807070,614517184;2309247,80690383;4913418,78026867;758023,240934697;656747,155672289;85252,5547941455;7980689,8281072
2018-12-01;2858412,84670032;1920690,03996631;1140913,33234621;809236,95258777;2373868,10032476;4779102,88666663;789832,996849507;683165,870764226;106769,132930516;7942803,9838409
2019-01-01;2966388,27808583;1928978,24613931;1119889,43768641;820225,201768384;2405002,72991474;4895366,52422514;785007,734787363;682983,708122315;84450,1246318728;8085376,98892724
2019-02-01;2923335,88331975;1960402,35647113;1104721,56238237;843083,472312955;2377026,91722549;4883738,23979088;788580,738438294;709637,558747817;83845,6347963799;8049345,89545466
2019-03-01;2789007,21639943;1909683,72004386;1166047,69118645;748739,818838567;2329223,57567407;4698690,93644329;808556,766907734;707187,770043895;96113,5124491269;7836471,27902509
2019-04-01;2958918,89452942;1937374,79963633;1174093,83358856;779284,304038217;2392381,42956742;4896293,69416575;807645,832533245;739193,591155767;76007,143338513;8096320,95626641
2019-05-01;2839939,12471672;1982446,68761082;1197369,6383879;782469,765961364;2337063,41153478;4822385,81232754;679566,656134832;598328,321123627;84903,2287249429;7839015,87999715
2019-06-01;2930107,87208589;1871820,77042419;1121887,32035903;754024,472620438;2345783,25609501;4801928,64251008;817002,051763569;724325,876307751;94166,6950636459;7964713,95036866
2019-07-01;2508326,6572533;1888291,81235261;1179550,88849683;695893,724287938;1868362,21245191;4396618,46960591;713268,313879058;615074,406677735;104904,705826927;6978248,99593688
2019-08-01;2500507,72503326;1843410,74685266;1069235,61329087;759668,392459351;1918881,44306181;4343918,47188592;611512,367430001;526049,75758491;85979,3692463629;6874312,28237773
2019-09-01;2407119,847755;1898670,71290918;1120278,27931784;782879,542908808;1928442,85055061;4305790,56066418;692648,607890033;586670,634679258;107048,781368897;6926882,01910482
2019-10-01;2573593,75211804;1743448,50247273;980939,508346147;759246,871933879;2102664,9162975;4317042,25459077;604527,809152598;545415,20321874;66212,9796963706;7024234,98004087
2019-11-01;2586409,90757928;1778729,13346895;1037534,00930175;747401,909045236;2130202,27850355;4365139,04104823;747482,356243344;658880,310769311;79027,8014164156;7242823,67579512
2019-12-01;2617119,45008008;1757081,73667162;996976,163978545;767777,188130963;2163349,19961792;4374201,1867517;781578,692247327;662758,051980343;123073,755954952;7319129,07861695
2020-01-01;2676163,16699712;2053578,739165;1227222,68178932;833343,706922726;2120293,02703808;4729741,90616212;639224,043295048;599490,673684244;20020,3418780039;7489258,97649525
2020-02-01;2839652,52924706;1998399,71195703;1105267,76558013;818435,594565075;2331974,12037246;4838052,24120409;784095,312800535;749525,336162582;38968,2509912175;7954121,67437709
2020-03-01;2664759,84468856;1757868,01672428;1011959,12320104;749599,35086368;2069500,24875323;4422627,86141284;723368,976460921;662728,397288477;53054,538433555;7215497,08662699
2020-04-01;1910462,06555806;1276702,78314483;849362,803551825;449979,04914655;1781275,86239967;3187164,84870289;630918,294638982;607370,339916769;30569,5413092672;5599359,00574154
2020-05-01;2247421,89163241;1391882,84054474;741097,566501544;658882,092593905;1762541,59189756;3639304,73217715;646416,709420129;609546,345871329;42575,0111331703;6048263,03349484
2020-06-01;2199563,6279829;1625212,9673773;930267,021788882;690711,291127288;1753646,90817084;3824776,5953602;654957,834187787;566792,109819562;92729,3441940425;6233381,33771883
2020-07-01;2637045,64134215;1632318,52115654;836967,634804435;784105,330670143;2002570,68797401;4269364,16249869;805453,417661382;733911,697583514;72112,4535145635;7077388,26813408
2020-08-01;2699041,73133917;1777155,00424136;975423,892891393;797274,717248751;2130460,77516947;4476196,73558053;648882,339039671;597375,308582606;50882,5680855601;7255539,84978967
2020-09-01;2673564,07766852;1907157,48953253;1050294,13481297;860055,723046327;2029716,41255205;4580721,56720105;489013,746838243;448865,356204488;42265,0090798424;7099451,72659134
2020-10-01;2755763,70548751;2053001,20431779;1194898,37749348;848306,780130561;2090129,90533486;4808764,9098053;657931,4358327;598106,848702451;62528,0493588963;7556826,25097286
2020-11-01;2933684,22699634;1976106,07404148;1109889,41062677;875099,167843051;2294370,19436478;4909790,30103782;648809,555778042;622014,422943635;23361,1462564679;7852970,05118064
2020-12-01;3109356,98054189;2374140,73124716;1283434,66365784;1087649,55636312;2283420,25793107;5483497,71178905;533987,472318563;519028,643832663;23260,0777720116;8300905,44203868
2021-01-01;2945226,93119095;2142276,99312842;1252849,21134427;897068,680176658;2368378,3432719;5087503,92431937;644378,041563827;599796,084088011;22827,8206043072;8100260,3091551
2021-02-01;3036232,08181755;2161033,61722695;1282269,10901872;870555,937465105;2396712,62682103;5197265,6990445;614786,108744619;582507,486396136;35954,5418597586;8208764,43461015
2021-03-01;2780419,6283051;1968489,25116053;1137034,36310702;828953,122541221;2158650,65079821;4748908,87946563;658824,452095674;644528,376028887;22882,9948667191;7566383,98235951
2021-04-01;3010661,67502561;2203587,85962038;1327835,2487794;907314,885069312;2351731,32778604;5214249,53464599;712719,83952398;643063,508541678;57774,2936089958;8278700,70195601
2021-05-01;3114689,90159292;2377404,0504846;1423355,11874656;964655,765261212;2458607,4781769;5492093,95207752;800730,300116511;747681,609592477;61022,1170010612;8751431,73037093
2021-06-01;3114112,22939669;2306180,54231702;1341318,8763631;957061,334235566;2442785,58947181;5420292,77171371;724272,703757181;666570,310545854;64905,9403438254;8587351,0649427
2021-07-01;3077797,93795389;2205189,53365116;1295508,91111834;904197,27320209;2462413,55829089;5282987,47160505;736597,216739394;661109,667203036;69978,2668077234;8481998,24663533
2021-08-01;3123215,08130041;2216919,77952226;1294750,95397599;919397,201467072;2513737,18059199;5340134,86082267;770289,060594385;714438,657050535;56803,5384896831;8624161,10200904
2021-09-01;3132960,34249709;2120417,41514209;1260594,50123279;863333,860749259;2506224,79354319;5253377,75763918;728978,080612079;675361,38218762;58908,3775431448;8488580,63179445
2021-10-01;2869927,79181853;2050829,06238207;1178709,16518104;855167,237112645;2207895,52706505;4920756,8542006;679823,353006543;603849,321189269;76015,377777992;7808475,73427219
2021-11-01;3075606,16344953;1972490,54775103;1154286,69195753;825104,148285504;2369665,91107778;5048096,71120056;797597,048860939;717972,537774735;77926,6286269143;8215359,67113928
2021-12-01;2818894,82796698;2042821,31785844;1220302,66987643;814668,541878032;2274998,15567383;4861716,14582542;799774,010787157;718205,57601941;88575,0239501905;7936488,31228641
2022-01-01;2875731,73550691;2004076,89769191;1200503,2216074;810482,530913657;2260539,68141205;4879808,63319882;811289,491538049;732825,362000324;56413,5518275063;7951637,80614892
2022-02-01;2883534,3054509;1972756,61401551;1162039,39445594;811786,854142176;2241549,90403722;4856290,91946641;658716,481317412;574696,730012688;87884,1012107897;7756557,30482104
2022-03-01;2952233,23144964;2021490,52243459;1183725,16764381;838711,08323055;2268796,28338927;4973723,75388423;660325,338365679;546402,118790182;102334,670567888;7902845,37563918
2022-04-01;2962163,56173736;2001796,03292315;1178524,65191701;854474,506379712;2377081,42483656;4963959,59466051;885733,390906008;808246,550543417;85044,8235367242;8226774,41040308
2022-05-01;2969270,61214669;1960834,65705645;1101945,39118627;865973,048136472;2303426,37432503;4930105,26920314;611691,871854884;501963,20975737;117645,016531771;7845223,51538305
2022-06-01;2969628,91928842;2005285,44303731;1144738,54880543;849239,572224537;2341089,25440352;4974914,36232573;674114,591073876;615962,008563473;65084,4898988856;7990118,20780313
2022-07-01;2813726,24213834;2058322,47615048;1188336,62106441;870299,742525715;2160849,1937276;4872048,71828882;576963,50714123;543458,003894886;29252,4442662696;7609861,41915765
2022-08-01;2793179,33679449;2013284,86563144;1178110,96463511;834102,058788636;2195795,24890678;4806464,20242593;597678,885653139;556863,938727986;42567,0602852371;7599938,33698585
2022-09-01;2800963,42263477;1825190,29120323;1048163,70911163;780032,557852696;2185386,34089216;4626153,713838;704671,541797926;667169,527925531;44258,6579591511;7516211,59652809
2022-10-01;2808811,95269788;1913305,96137803;1096125,02483942;790074,420126553;2219508,02297944;4722117,91407591;676623,279984863;633356,230522921;43946,3403810176;7618249,21704021
2022-11-01;2590557,67899685;1953117,96986265;1172689,88140297;783573,748981674;2080372,36094764;4543675,6488595;524308,87172691;480233,503449627;44776,6605904484;7148356,88153405
2022-12-01;2680509,27971729;1712263,18416663;999005,751459512;714386,31766593;2169515,78115958;4392772,46388392;682860,61191972;652245,08780627;31143,6848433485;7245148,85696322
2023-01-01;2703880,28993713;1817705,19837374;1042364,36700061;778478,403883155;2190075,84990045;4521585,48831087;875329,086588264;772766,12977884;78658,3753743827;7586990,42479958
2023-02-01;2627854,01867244;1859929,22437775;1072812,11458055;797750,931163563;2152603,691622;4487783,24305019;833877,38939051;796532,164892757;42080,1232951928;7474264,3240627
2023-03-01;2687510,91703372;1782616,54533963;997968,215058419;786333,299482299;2141734,87771915;4470127,46237335;607049,555922681;545634,661059711;49968,085939116;7218911,89601518
2023-04-01;2777701,26935215;1908204,74034766;1072868,06673822;864398,863992534;2202641,45467608;4685906,00969981;876968,422263362;833836,250754732;51960,975168007;7765515,88663925
2023-05-01;2775513,95910248;1865382,86793459;1071830,28286909;795735,029218387;2230713,79106453;4640896,82703707;931270,736780947;871341,541776977;68030,0804085722;7802881,35488255
2023-06-01;2593182,21305641;1681829,45898685;918793,398082966;750797,436864109;2072050,78761974;4275011,67204326;875218,631041444;835979,223833713;43776,462645849;7222281,09070444
2023-07-01;2694597,06926753;1809922,95097048;1078404,77538343;734440,076570382;2145447,06467026;4504520,02023801;778806,113748417;734612,685782523;42348,5233909609;7428773,19865669
2023-08-01;2656283,48919982;1783241,2740581;1067211,75632995;714311,783847496;2075931,25609132;4439524,76325792;837723,784127216;775875,81560347;64583,6343655882;7353179,80347646
2023-09-01;2577630,94793162;1807662,2133683;1094134,12058742;719017,9043925;2153113,44791238;4385293,16129992;692780,247684731;662867,377477641;37872,8915873524;7231186,85689703
2023-10-01;2527765,40115716;1732515,00389828;929179,822239327;770432,550021945;1999088,76293558;4260280,40505544;837061,12445684;772668,919323427;67580,8450584871;7096430,29244786
2023-11-01;2708083,59801704;1851025,75310432;1115333,65082135;734056,251696458;2198003,54801681;4559109,35112136;720011,491111605;644394,198408231;79120,119599773;7477124,39024978
2023-12-01;2712376,76836363;1951247,04657693;1151592,58261504;810069,375849054;2150164,06007325;4663623,81494056;757028,062172784;704239,589326887;45846,2634917375;7570815,93718659
2024-01-01;2736667,19299044;1994636,2375826;1174439,57732144;820138,925605278;2118249,55025214;4731303,43057304;744768,861516687;649323,357548429;68727,9820927561;7594321,84234187
2024-02-01;2836066,00645646;1955273,58691479;1087984,13077916;819236,662494402;2259709,12631041;4791339,59337125;811380,488703568;762604,983886293;55120,4055839398;7862429,20838523
2024-03-01;2741007,16881932;1929090,50502905;1127158,92051407;805422,701676771;2180699,72193373;4670097,67384837;718399,546127401;664695,05661789;55711,8831439566;7569196,9419095
2024-04-01;2728173,33449155;1895880,29428711;1113564,22741239;805848,995784788;2176638,37544598;4624053,62877866;731512,550788349;667796,861234656;60656,6465729384;7532204,55501299
2024-05-01;2555986,1021324;1858846,02984899;1080164,48659059;779585,267769177;2111047,48320167;4414832,13198139;689659,578956601;658075,203658196;37495,9825527374;7215539,19413966
2024-06-01;2836332,57296279;1938626,30454199;1118521,5971779;813036,402590959;2256835,77859296;4774958,87750478;771587,124260633;717735,530205201;56914,4264679262;7803381,78035837
2024-07-01;3073112,36571547;2032656,27040991;1183481,24500803;846193,83958713;2345292,92226853;5105768,63612538;943722,579123862;878972,572864221;66409,3083018284;8394784,13751777
2024-08-01;2894804,5491847;2009593,35392917;1140479,70195596;871717,970293852;2257548,95133021;4904397,90311387;815239,002942169;766952,244736042;51782,6651001202;7977185,85738625
2024-09-01;2885490,36071286;2047283,39155289;1164322,65837362;889049,448061512;2212362,27672778;4932773,75226575;804538,828394525;728496,368364941;84194,3750916293;7949674,85738805
2024-10-01;2937615,24779517;2042810,53615125;1144727,9459793;858768,993600724;2239971,92033868;4980425,78394642;724491,805843362;680550,943608152;50349,599596705;7944889,51012846
2024-11-01;2774490,55371354;1983395,42945683;1077870,63673403;902713,49668888;2155080,9054026;4757885,98317037;759707,486359794;719852,036838586;46168,0040370233;7672674,37493276
2024-12-01;2804323,6286974;2005676,41766653;1119282,33479341;898929,879498463;2184760,83120218;4810000,04636393;712892,351068464;633342,812504256;66589,2954529768;7707653,22863457
2025-01-01;2781291,62608;1931767,14714882;1109160,70362783;824286,454500029;2207177,8459285;4713058,77322882;683576,443513344;626276,632226334;26360,752812384;7603813,06267066
2025-02-01;2833304,48527852;1918403,020705;1122547,11980653;815918,574190959;2201307,12754268;4751707,50598352;671670,33708906;611920,519954207;68299,3062514132;7624684,97061526
2025-03-01;2799355,78621291;1984264,80864081;1159437,58164529;833068,138380192;2217435,91019085;4783620,59485372;774955,892792145;711513,529811561;53720,1474090315;7776012,39783671
2025-04-01;2716893,53368007;2002054,69850365;1176814,37115301;841190,315708413;2155042,9624096;4718948,23218372;648572,107318545;629588,738349601;28806,645606058;7522563,30191186
2025-05-01;2683133,57440638;1975774,60076081;1163032,0414959;817680,55868469;2143339,6509479;4658908,17516719;683713,640948742;638204,76042424;48398,7686680888;7485961,46706383
2025-06-01;2827407,76902637;2046440,81060146;1182294,82996507;850940,116906744;2238227,43465493;4873848,57962783;669764,497956286;631992,456039389;41752,6034817224;7781840,51223905
2025-07-01;2767600,66228085;1854782,23072543;1081172,96751592;770874,478282354;2146977,80235104;4622382,89300628;761530,679324748;714207,791193977;51037,6903686566;7530891,37468207
2025-08-01;2749380,80219893;1892960,96182337;1083669,84460921;816302,415738033;2171053,86325752;4642341,7640223;666634,70386102;604400,822296848;65566,9206815755;7480030,33114084
2025-09-01;2818937,64735402;1941195,9754341;1107887,9872848;837058,736289159;2164293,64392526;4760133,62278812;781372,529106532;723519,79985277;67744,7718597241;7705799,79581991
2025-10-01;2855245,11708984;1941345,35037723;1091505,27536142;807893,167372176;2226317,18839629;4796590,46746707;761051,717320968;725578,094326148;43282,2404940528;7783959,37318433
2025-11-01;2816053,64350604;2077027,6359435;1261521,46532708;815267,471457005;2217981,18068332;4893081,27944954;780638,692900577;734378,106374799;52963,3856540189;7891701,15303344
2025-12-01;2782851,39710469;1816612,42960787;1090232,65525482;736078,62564312;2209916,49932648;4599463,82671256;898441,247874577;813588,628812385;69062,5132027012;7707821,57391362
2026-01-01;2714593,33048847;1852475,52651693;1071675,04949274;787407,339323061;2168829,97314802;4567068,8570054;663320,767954811;569788,275585887;62298,4301885917;7399219,59810823
2026-02-01;2643058,25396842;1907220,02741334;1141948,91349573;788158,13350325;2103366,25047;4550278,28138176;714963,39230255;667730,739855477;56233,7182198937;7368607,92415431
2026-03-01;2735463,41127485;1856999,96627835;1094456,35005339;764840,264994654;2206595,45735548;4592463,3775532;748674,774336398;718472,386098363;35347,6690086142;7547733,60924508
2026-04-01;2724348,36212462;1848351,00382997;1086154,04635772;778194,369831343;2165999,71448558;4572699,36595459;758055,009215186;697118,511774402;56013,7498478821;7496754,08965536
2026-05-01;2745037,70271015;1989627,20902103;1194997,94027091;802762,248804386;2259969,60881644;4734664,91173118;794024,166521562;742659,497934806;51619,15186204;7788658,68706918
